name,genre,score,lat,lng
きたまる KITAMARU 新宿店,"OrderedDict([('code', 'G001'), ('name', '居酒屋'), ('catch', '新宿の完全個室居酒屋☆大小宴会承ります♪')])",3.03,35.694612307,139.70166201520001
咲くら 新宿東口店,"OrderedDict([('code', 'G001'), ('name', '居酒屋'), ('catch', '【ダイナック】★旨い酒と肴のあるところ★')])",3.07,35.6914851638,139.7018349038
三九厨房 3号店 新宿店,"OrderedDict([('code', 'G001'), ('name', '居酒屋'), ('catch', '単品料理ALL390円！コース飲み放付2500円〜')])",3.02,35.6917993346,139.7033150431
縁 新宿駅東口店,"OrderedDict([('code', 'G001'), ('name', '居酒屋'), ('catch', '新宿東口 和食・ワイン・個室 忘年会新年会')])",3.08,35.691557390700005,139.7023154156
グローリーキッチン 新宿店,"OrderedDict([('code', 'G001'), ('name', '居酒屋'), ('catch', '新宿 居酒屋 焼鳥 個室 宴会 女子会 誕生日')])",3.16,35.6942959449,139.7013298339
居酒屋一休 新宿本店,"OrderedDict([('code', 'G001'), ('name', '居酒屋'), ('catch', '旨い、安い、毎日が割引！')])",3.07,35.6928300993,139.7050887399
北海道 新宿東口店,"OrderedDict([('code', 'G001'), ('name', '居酒屋'), ('catch', '旬の食材・蟹・海鮮＆日本酒を愉しむ居酒屋')])",3.07,35.6915685375,139.7036958533
なごみ 新宿東口本店,"OrderedDict([('code', 'G001'), ('name', '居酒屋'), ('catch', '新宿の完全個室居酒屋☆大小宴会承ります♪')])",3.0,35.6939035252,139.7026847344
釜焼鳥本舗 おやひなや 新宿西口大ガード店,"OrderedDict([('code', 'G001'), ('name', '居酒屋'), ('catch', '讃岐食文化名物、骨付鳥おや・ひな専門店！')])",3.07,35.6943736436,139.6986989433
鳥京 新宿総本店,"OrderedDict([('code', 'G001'), ('name', '居酒屋'), ('catch', '【新宿駅東口徒歩3分】 個室焼き鳥居酒屋')])",3.05,35.6946883971,139.7011953851
三間堂 新宿エルタワー店,"OrderedDict([('code', 'G001'), ('name', '居酒屋'), ('catch', '新宿  居酒屋 宴会 個室 和食 鍋 すき焼き')])",3.04,35.6922155138,139.69721860020002
居酒屋 くるり 西武新宿駅前店,"OrderedDict([('code', 'G001'), ('name', '居酒屋'), ('catch', '新宿 宴会 個室 居酒屋 女子会 飲み会 宴会')])",3.04,35.694615333499996,139.70058766190002
居酒屋 九十九 つくも 新宿東口本店,"OrderedDict([('code', 'G001'), ('name', '居酒屋'), ('catch', '●完全個室：２〜１８０名×肉プレート ●')])",3.05,35.6947736793,139.7017214481
なんじゃもんじゃ 新宿店,"OrderedDict([('code', 'G001'), ('name', '居酒屋'), ('catch', '新宿三丁目駅徒歩1分★お好み焼き食べ放題')])",3.01,35.6910158839,139.7060151228
塚田農場 新宿南口店 宮崎県日南市,"OrderedDict([('code', 'G003'), ('name', '創作料理'), ('catch', '地鶏と九州料理を楽しむ居酒屋')])",3.03,35.6891965508,139.7025127158
遊山 新宿店,"OrderedDict([('code', 'G003'), ('name', '創作料理'), ('catch', '新宿:個室:居酒屋:肉炉端:肉寿司:食べ放題')])",3.06,35.6905825124,139.7027604169
恋咲くら Koizakura 新宿南口店,"OrderedDict([('code', 'G001'), ('name', '居酒屋'), ('catch', '新宿 個室 食べ放題 飲み放題 宴会 飲み会')])",3.0,35.6891965505,139.7024993836
信州炉端 串の蔵 新宿南口店,"OrderedDict([('code', 'G001'), ('name', '居酒屋'), ('catch', '宴会 居酒屋 日本酒 飲み放題 個室 誕生日')])",3.08,35.6891965508,139.7025127158
花火の宴,"OrderedDict([('code', 'G001'), ('name', '居酒屋'), ('catch', '代々木駅1分の完全個室居酒屋 食べ飲み放題')])",3.04,35.6825806056,139.70162694540002
橙家 新宿東口店,"OrderedDict([('code', 'G001'), ('name', '居酒屋'), ('catch', '新宿 居酒屋 個室 宴会 接待 誕生日 同窓会')])",3.01,35.6903936069,139.7013405451
個室居酒屋 壽山 新宿店,"OrderedDict([('code', 'G004'), ('name', '和食'), ('catch', '新宿個室割烹2名〜200名 貸切も相談')])",3.45,35.6929783554,139.70282475969998
東方一角 新宿御苑前店,"OrderedDict([('code', 'G001'), ('name', '居酒屋'), ('catch', 'オーダー式本格中華80種が2200円で食べ放題')])",3.11,35.6880636037,139.712192494
焼肉ホルモン 島津,"OrderedDict([('code', 'G008'), ('name', '焼肉・ホルモン'), ('catch', '新宿 焼肉 居酒屋 宴会 飲み放題 貸切')])",3.23,35.690274194000004,139.7020182701
土間土間 新宿歌舞伎町店,"OrderedDict([('code', 'G001'), ('name', '居酒屋'), ('catch', '新宿で飲むなら土間土間新宿歌舞伎町店 ！')])",3.02,35.6946153334,139.7005848844
旬香 しゅんか Shunka 新宿東口店,"OrderedDict([('code', 'G001'), ('name', '居酒屋'), ('catch', '◆団体歓迎・宴会コース・3時間 2450円〜◆')])",3.04,35.694548689899996,139.70116872629998
ひもの屋 新宿 区役所前,"OrderedDict([('code', 'G001'), ('name', '居酒屋'), ('catch', '焼酎・日本酒・干物を堪能できる居酒屋')])",3.07,35.6935822054,139.7039151983
Mr.SANPEI ミスターさんぺい 新宿東口,"OrderedDict([('code', 'G001'), ('name', '居酒屋'), ('catch', '旬鮮素材がウリ★宴会向きの本格和食料理店')])",3.21,35.6929872116,139.7016362492
chill out コウヤ 新宿東口店,"OrderedDict([('code', 'G002'), ('name', 'ダイニングバー・バル'), ('catch', '★新宿エリア コスパNo.1★肉バル居酒屋')])",3.05,35.6943698237,139.7012642809
日本海庄や 新宿西口店,"OrderedDict([('code', 'G001'), ('name', '居酒屋'), ('catch', '海鮮和食\u3000個室   朝採れ鮮魚  串焼き 寿司')])",3.07,35.6925377632,139.69959338540002
個室居酒屋 九州料理 酒豪屋 新宿西口店,"OrderedDict([('code', 'G001'), ('name', '居酒屋'), ('catch', '新宿西口 個室 貸切 宴会 飲み会 女子会')])",3.02,35.6895719142,139.69690067780002
悠助 ゆうすけ 新宿本店,"OrderedDict([('code', 'G001'), ('name', '居酒屋'), ('catch', '鮮魚と天ぷらと日本酒。至極の和食ここに。')])",3.2,35.6908469381,139.7031734267
かまどか 新宿歌舞伎町店,"OrderedDict([('code', 'G001'), ('name', '居酒屋'), ('catch', '新宿 居酒屋 個室 飲み放題 女子会 宴会')])",3.02,35.693592165,139.70244532290002
竹取の花しずく 西新宿,"OrderedDict([('code', 'G001'), ('name', '居酒屋'), ('catch', '[西新宿個室居酒屋]飲み放題充実!140名まで')])",3.0,35.6944591898,139.6987092168
いろはにほへと 新宿東口店,"OrderedDict([('code', 'G001'), ('name', '居酒屋'), ('catch', '新宿 居酒屋 個室 宴会 女子会 食べ放題')])",3.0,35.6914851638,139.7018349038
Oriental Market&Bistro NIJYU-MARU にじゅうまる 新宿西口店,"OrderedDict([('code', 'G001'), ('name', '居酒屋'), ('catch', '新宿西口/居酒屋/食べ放題/飲み会')])",3.04,35.6892655845,139.6978247782
膳丸 新宿店,"OrderedDict([('code', 'G006'), ('name', 'イタリアン・フレンチ'), ('catch', '新宿 女子会 個室 合コン 居酒屋 宴会 貸切')])",3.2,35.6909380963,139.70532074049999
すごろく 双六 新宿西口本店,"OrderedDict([('code', 'G001'), ('name', '居酒屋'), ('catch', '新宿西口 完全個室 居酒屋 3時間飲み放題')])",3.0,35.6929654757,139.6989553669
山内農場 新宿西口駅前店,"OrderedDict([('code', 'G001'), ('name', '居酒屋'), ('catch', '[居酒屋 和食 地鶏][飲み放題・個室タイプ]')])",3.03,35.6891464189,139.6973631555
八兵衛 新宿店,"OrderedDict([('code', 'G001'), ('name', '居酒屋'), ('catch', '新宿個室居酒屋◆2名〜100名の個室完備')])",3.0,35.6905247241,139.7021232511
鶏吉 新宿店,"OrderedDict([('code', 'G002'), ('name', 'ダイニングバー・バル'), ('catch', '新宿 個室 居酒屋 飲み放題 しゃぶしゃぶ')])",3.09,35.6941320721,139.7012437367
ディプント Di PUNTO 新宿三丁目店,"OrderedDict([('code', 'G002'), ('name', 'ダイニングバー・バル'), ('catch', '洋風ワイン居酒屋と生ハムてんこ盛りの店♪')])",3.11,35.6904604028,139.7064595518
九州男児 新宿三丁目店,"OrderedDict([('code', 'G001'), ('name', '居酒屋'), ('catch', '馬刺/もつ鍋/本格焼酎が愉しめる九州居酒屋')])",3.01,35.6911575167,139.7053462851
北海道 新宿明治通り店,"OrderedDict([('code', 'G001'), ('name', '居酒屋'), ('catch', '旬の食材・蟹・海鮮＆日本酒を愉しむ居酒屋')])",3.01,35.6918852234,139.7057512215
塚田農場 新宿東口駅前店 宮崎県日南市,"OrderedDict([('code', 'G001'), ('name', '居酒屋'), ('catch', '地鶏と九州料理を楽しむ居酒屋')])",3.03,35.6928955287,139.7006443928
北海道海鮮 完全個室 23番地 新宿東口店,"OrderedDict([('code', 'G001'), ('name', '居酒屋'), ('catch', '北海道海鮮・居酒屋・飲み放題・完全個室')])",3.5,35.693065829,139.7022059199
TORIEMON 新宿西口駅前店,"OrderedDict([('code', 'G001'), ('name', '居酒屋'), ('catch', '新宿西口 個室で味わう本格九州料理居酒屋')])",3.16,35.693208498800004,139.6987631513
金の蔵 きんくら酒場 新宿西口駅前店,"OrderedDict([('code', 'G001'), ('name', '居酒屋'), ('catch', '新宿西口 居酒屋 飲み放題 食べ放題  夜景')])",3.0,35.6929654761,139.69896842129998
坐 和民 新宿大ガード店,"OrderedDict([('code', 'G001'), ('name', '居酒屋'), ('catch', '居酒屋 飲み放題 宴会 大人数 貸切')])",3.01,35.6933682043,139.6988128629
思い出横丁 鳥園,"OrderedDict([('code', 'G001'), ('name', '居酒屋'), ('catch', '駅近☆焼き鳥！飲み放題コース3500円〜♪')])",3.19,35.6929932685,139.6996350302
虎の子 新宿,"OrderedDict([('code', 'G001'), ('name', '居酒屋'), ('catch', '激安＆駅近の新宿で人気の居酒屋★')])",3.0,35.6939765383,139.7014015073
天空の雫 新宿東口店,"OrderedDict([('code', 'G001'), ('name', '居酒屋'), ('catch', '肉バル×夜景ラウンジ\u3000食べ放題＆誕生日')])",3.0,35.693542728400004,139.70252781780002
柚柚 yuyu 西新宿,"OrderedDict([('code', 'G001'), ('name', '居酒屋'), ('catch', '[西新宿個室居酒屋]飲み放題充実!135名まで')])",3.0,35.694459190100005,139.6987197714
九州黒太鼓 新宿,"OrderedDict([('code', 'G001'), ('name', '居酒屋'), ('catch', '新宿 個室 九州 居酒屋 もつ鍋 焼き鳥 餃子')])",3.05,35.6928627087,139.6989239848
さくら水産 新宿 南口 甲州街道店,"OrderedDict([('code', 'G001'), ('name', '居酒屋'), ('catch', '海産物居酒屋')])",3.0,35.6878854152,139.6960660941
信州炉端 串の蔵 新宿東口店,"OrderedDict([('code', 'G001'), ('name', '居酒屋'), ('catch', '鍋 居酒屋 忘年会 飲み放題 個室 誕生日')])",3.08,35.69039920690001,139.7030265127
つくし 新宿西口店,"OrderedDict([('code', 'G001'), ('name', '居酒屋'), ('catch', '新宿西口 個室 九州料理 貸切 宴会 女子会')])",3.0,35.6892764271,139.6982169666
個室居酒屋 豊かざかり 新宿東口店,"OrderedDict([('code', 'G001'), ('name', '居酒屋'), ('catch', '2名様〜個室完備！本格和食と日本酒を堪能')])",3.0,35.6939035252,139.7026847344
麹丸屋 新宿本店,"OrderedDict([('code', 'G001'), ('name', '居酒屋'), ('catch', '新宿 個室 宴会 女子会 誕生日 食べ放題')])",3.05,35.6903742022,139.7027465375
和食処 大吉 新宿西口駅前店,"OrderedDict([('code', 'G001'), ('name', '居酒屋'), ('catch', '群馬直送・和食居酒屋・和牛・完全個室')])",3.03,35.6887276064,139.6984564127
焼き鳥と燻製の居酒屋 あじどり 新宿本店,"OrderedDict([('code', 'G001'), ('name', '居酒屋'), ('catch', '全席個室/創作和食料理/接待/歓送迎会')])",3.0,35.6936571594,139.7025069817
居酒屋 壱岐 新宿東口店,"OrderedDict([('code', 'G001'), ('name', '居酒屋'), ('catch', '新宿居酒屋 個室2名ok 飲放付コース￥2998〜')])",3.38,35.692787816999996,139.7026625589
とらえもん 新宿東口店,"OrderedDict([('code', 'G001'), ('name', '居酒屋'), ('catch', '新宿 海鮮 居酒屋 鍋 もつ鍋 個室 宴会')])",3.4,35.6912129718,139.7018182494
キチリ KICHIRI MOLLIS 新宿通り,"OrderedDict([('code', 'G001'), ('name', '居酒屋'), ('catch', '居酒屋\u3000デザイナーズ ダイニングバー')])",3.07,35.691690149,139.7021457024
ととや 新宿西口駅前店,"OrderedDict([('code', 'G001'), ('name', '居酒屋'), ('catch', '【新宿 個室 居酒屋】宴会・接待・飲み会に')])",3.48,35.6929801952,139.69891509200002
木村屋本店 新宿東口店,"OrderedDict([('code', 'G001'), ('name', '居酒屋'), ('catch', '新宿 居酒屋 貸切 個室 肉 魚 宴会 ランチ')])",3.08,35.6930488925,139.7024320125
JAPANESE DINING 和民 新宿東口靖国通り店,"OrderedDict([('code', 'G001'), ('name', '居酒屋'), ('catch', '新宿 居酒屋 飲み放題 3時間 宴会 団体')])",3.02,35.6930483458,139.7027600402
銀波 GINPA 新宿駅東口店,"OrderedDict([('code', 'G001'), ('name', '居酒屋'), ('catch', '新宿南口東口/個室/接待/ カップルシート')])",3.4,35.690370831399996,139.7013280471
囲 新宿駅東口本店,"OrderedDict([('code', 'G001'), ('name', '居酒屋'), ('catch', '新宿 居酒屋 個室 ダイニング 完全個室')])",3.07,35.691526041799996,139.70367891200002
淡路島と喰らえ 新宿東口靖国通り店,"OrderedDict([('code', 'G001'), ('name', '居酒屋'), ('catch', '新宿東口\u3000歌舞伎町\u3000居酒屋 個室 海鮮')])",3.29,35.6935877269,139.7026625268
花の宴 新宿東口店,"OrderedDict([('code', 'G001'), ('name', '居酒屋'), ('catch', '新宿東口 個室 居酒屋')])",3.02,35.6930211106,139.7021575925
北の家族 新宿靖国通り店,"OrderedDict([('code', 'G001'), ('name', '居酒屋'), ('catch', '居酒屋/24時間/個室/飲み放題/忘年会/3時間')])",3.02,35.6936949168,139.70190425360002
ジャンボ虎の子 歌舞伎町,"OrderedDict([('code', 'G001'), ('name', '居酒屋'), ('catch', '新宿最大級！個室居酒屋！宴会カラオケ無料')])",3.0,35.694420963,139.7025347264
坐 和民 新宿西口店,"OrderedDict([('code', 'G001'), ('name', '居酒屋'), ('catch', '新宿\u3000居酒屋 飲み放題 3時間 宴会 団体')])",3.01,35.689027007,139.6980769885
悠助 ゆうすけ 新宿本店,"OrderedDict([('code', 'G001'), ('name', '居酒屋'), ('catch', '鮮魚と天ぷらと日本酒。至極の和食ここに。')])",3.2,35.6908469381,139.7031734267
しゃぶしゃぶ くるり 新宿店,"OrderedDict([('code', 'G001'), ('name', '居酒屋'), ('catch', '新宿 宴会 個室 居酒屋 鍋 女子会 合コン')])",3.04,35.6946111679,139.7006104379
信州炉端 串の蔵 新宿三丁目店,"OrderedDict([('code', 'G001'), ('name', '居酒屋'), ('catch', '新宿 居酒屋 ワイン 飲み放題 個室 夜景 鍋')])",3.04,35.6911575171,139.7053596173
居酒屋 江戸小町 新宿西口店,"OrderedDict([('code', 'G001'), ('name', '居酒屋'), ('catch', '飲み放題/完全個室/誕生日/記念日/女子会')])",3.0,35.6933126749,139.6995580795
囲庭 kakoitei 新宿西口駅前店,"OrderedDict([('code', 'G001'), ('name', '居酒屋'), ('catch', '新宿駅近 宴会 鍋 団体個室 和食居酒屋')])",3.0,35.6887864771,139.6980245026
土間土間 新宿東口店,"OrderedDict([('code', 'G001'), ('name', '居酒屋'), ('catch', '新宿東口居酒屋 飲み会\u3000女子会 宴会 個室')])",3.01,35.6930266817,139.7027653184
6年4組 新宿東口駅前分校,"OrderedDict([('code', 'G001'), ('name', '居酒屋'), ('catch', '新宿/学校居酒屋')])",3.03,35.693740469,139.7019709128
肉バル ビザ BIZA 新宿本店,"OrderedDict([('code', 'G006'), ('name', 'イタリアン・フレンチ'), ('catch', '新宿東口 おしゃれ居酒屋♪')])",3.0,35.6948506979,139.7048211815
三船 新宿店,"OrderedDict([('code', 'G001'), ('name', '居酒屋'), ('catch', '新宿西口 居酒屋 焼肉 飲み放題 もつ鍋')])",3.09,35.694449459299996,139.69835674709998
八兵衛 新宿本店,"OrderedDict([('code', 'G001'), ('name', '居酒屋'), ('catch', '新宿個室居酒屋◆2名〜100名の個室完備')])",3.0,35.6905547195,139.7020765872
三代目鳥メロ 新宿南口店,"OrderedDict([('code', 'G001'), ('name', '居酒屋'), ('catch', '新宿南口 居酒屋 飲み放題 焼き鳥')])",3.0,35.69039920690001,139.7030265127
居酒屋 うっとり UTTORI 新宿東口店,"OrderedDict([('code', 'G001'), ('name', '居酒屋'), ('catch', '新宿 居酒屋 個室 鍋 すき焼き 和食')])",3.0,35.6937051965,139.7020217432
香家 こうや kouya 新宿西口駅前店,"OrderedDict([('code', 'G001'), ('name', '居酒屋'), ('catch', '新宿 和食 個室 居酒屋\u3000肉\u3000魚')])",3.0,35.689750543,139.6983177723
薩摩八郎 新宿東口店,"OrderedDict([('code', 'G001'), ('name', '居酒屋'), ('catch', '個室 24h居酒屋  九州 宴会コース2500から')])",3.0,35.692921969299995,139.7026922732
六衛門 新宿店,"OrderedDict([('code', 'G001'), ('name', '居酒屋'), ('catch', '２〜１００名様大歓迎！新宿１分完全個室！')])",3.0,35.6905297497,139.7030992791
金の蔵 新宿西口総本店,"OrderedDict([('code', 'G001'), ('name', '居酒屋'), ('catch', '新宿西口 居酒屋 飲み放題 食べ放題  駅近')])",3.02,35.689265561999996,139.69698290530002
新宿 大衆酒場 牡蠣入レ時,"OrderedDict([('code', 'G001'), ('name', '居酒屋'), ('catch', '牡蠣料理がおすすめの海鮮居酒屋・牡蠣小屋')])",3.46,35.689257661,139.7027354722
花の宴 新宿三丁目店,"OrderedDict([('code', 'G001'), ('name', '居酒屋'), ('catch', '新宿東口1分の和モダン個室ダイニング♪')])",3.02,35.6930211106,139.7021575925
金鍋 KinNabe 新宿東口店,"OrderedDict([('code', 'G007'), ('name', '中華'), ('catch', '【2980円食べ飲み放題コース】激安居酒屋')])",3.0,35.6933767852,139.7081151273
千年の宴 新宿東口駅前店,"OrderedDict([('code', 'G001'), ('name', '居酒屋'), ('catch', '[くつろぎの居酒屋][飲み放題・個室・貸切]')])",3.01,35.6911952017,139.7020301766
やきとり家すみれ 新宿西口店,"OrderedDict([('code', 'G001'), ('name', '居酒屋'), ('catch', '大山どり 焼鳥専門店 居酒屋 飲み放題 宴会')])",3.04,35.6896249703,139.6971459326
はなの舞 新宿東南口店,"OrderedDict([('code', 'G001'), ('name', '居酒屋'), ('catch', '《各種宴会承ります》【最大55名様】個室有')])",3.0,35.6900408947,139.70230992129999
九平次 新宿店,"OrderedDict([('code', 'G001'), ('name', '居酒屋'), ('catch', '新宿東口個室空間\u30003ｈ飲放10品3500円')])",3.5,35.6905825124,139.7027604169
肉バル よりどり YORIDORI 新宿東口店,"OrderedDict([('code', 'G001'), ('name', '居酒屋'), ('catch', '新宿 個室 居酒屋 飲み放題 宴会 歓送迎会')])",3.04,35.6926555964,139.70216593979998
新宿比内 新宿店,"OrderedDict([('code', 'G001'), ('name', '居酒屋'), ('catch', '新宿個室居酒屋 2名様〜200名様完全個室！')])",3.5,35.6936849426,139.7028291754
うおや一丁 新宿西口店,"OrderedDict([('code', 'G004'), ('name', '和食'), ('catch', '新宿 居酒屋 個室 和食 接待 海鮮 飲み放題')])",3.01,35.6909017627,139.69683812969998
美味か UMAKA 新宿南口店,"OrderedDict([('code', 'G001'), ('name', '居酒屋'), ('catch', '新宿 個室 食べ放題 飲み放題 宴会 飲み会')])",3.38,35.6891965508,139.7025127158
博多満月 新宿西口店,"OrderedDict([('code', 'G001'), ('name', '居酒屋'), ('catch', '新宿西口1分の居酒屋!飲み放題2780円(税抜)')])",3.05,35.6942472709,139.6987703312
雪月花 新宿店,"OrderedDict([('code', 'G001'), ('name', '居酒屋'), ('catch', '新宿個室居酒屋 個室最大200名の大型個室')])",3.39,35.6930294592,139.7027653182
一兆 新宿駅前店,"OrderedDict([('code', 'G001'), ('name', '居酒屋'), ('catch', '和食・貸切・宴会・個室・接待・上州和牛')])",3.06,35.6886553929,139.6984786359
キタノイチバ 新宿西口店,"OrderedDict([('code', 'G001'), ('name', '居酒屋'), ('catch', '[新宿西口北海道居酒屋]飲み放題充実!')])",3.02,35.689146418600004,139.6973498233
本格中華居酒屋 東順永 新宿三丁目店,"OrderedDict([('code', 'G001'), ('name', '居酒屋'), ('catch', '本店のあの味が今年5月新宿3丁目に出店！')])",3.2,35.6914695244,139.70902762629999
塚田農場 新宿西口郵便局前店 宮崎県日南市,"OrderedDict([('code', 'G001'), ('name', '居酒屋'), ('catch', '地鶏と九州料理を楽しむ居酒屋')])",3.03,35.6896313589,139.69715926450002
北国居酒屋 んだんだ 新宿三丁目店,"OrderedDict([('code', 'G001'), ('name', '居酒屋'), ('catch', '東北料理/北海道/郷土料理/ 居酒屋/宴会')])",3.12,35.6913491787,139.70597900139998
塚田農場 新宿西口店 北海道シントク町,"OrderedDict([('code', 'G001'), ('name', '居酒屋'), ('catch', '自社養鶏場地鶏と北海道産食材の居酒屋')])",3.07,35.6891464189,139.6973631555
HIBIKI ヒビキ 新宿東口店,"OrderedDict([('code', 'G001'), ('name', '居酒屋'), ('catch', '新宿駅東口 居酒屋 完全個室 宴会 誕生日')])",3.16,35.694323162399996,139.7012703934
うおや一丁 新宿三光町店,"OrderedDict([('code', 'G004'), ('name', '和食'), ('catch', '新宿三丁目/居酒屋/接待/和食/個室/海鮮')])",3.11,35.6912353495,139.70773163479998
金の蔵 新宿三丁目店,"OrderedDict([('code', 'G001'), ('name', '居酒屋'), ('catch', '新宿東口 居酒屋 個室 団体 宴会 新宿')])",3.0,35.6914936043,139.7058815039
完全個室×和肉バル GESYOKU 新宿東口店,"OrderedDict([('code', 'G001'), ('name', '居酒屋'), ('catch', '新宿 個室 居酒屋 肉バル 飲み会 宴会')])",3.19,35.6948236615,139.701268429
北京胡同焼肉 新宿靖国通り本店,"OrderedDict([('code', 'G008'), ('name', '焼肉・ホルモン'), ('catch', '新宿 焼肉 居酒屋 食べ放題 飲み放題 健康')])",3.04,35.6928451095,139.7055370345
青空 はるたか,"OrderedDict([('code', 'G001'), ('name', '居酒屋'), ('catch', '新宿個室居酒屋 2名〜200名全席完全個室')])",4.35,35.692794203000005,139.7025833987
にじゅうまる NIJYU-MARU 新宿東口 西武新宿駅前店,"OrderedDict([('code', 'G001'), ('name', '居酒屋'), ('catch', '新宿/居酒屋/個室/新宿東口/西武新宿/宴会')])",3.01,35.694615333499996,139.70058766190002
千年の宴 歌舞伎町輝ビル店,"OrderedDict([('code', 'G001'), ('name', '居酒屋'), ('catch', '[くつろぎの居酒屋][飲み放題・個室・貸切]')])",3.01,35.6940829309,139.7019883976
凛火 新宿東口店,"OrderedDict([('code', 'G001'), ('name', '居酒屋'), ('catch', '新宿 居酒屋 和食 海鮮 貸切 飲み放題 刺身')])",3.0,35.694062641,139.701448722
塚田農場 宮崎県日南市 新宿本店,"OrderedDict([('code', 'G001'), ('name', '居酒屋'), ('catch', '地鶏と九州料理を楽しむ居酒屋')])",3.07,35.693603269499995,139.7022442284
海の家,"OrderedDict([('code', 'G001'), ('name', '居酒屋'), ('catch', '新宿東口/居酒屋/誕生日/個室/無制限/3時間')])",3.03,35.6940598634,139.70144594459998
凛月 新宿店,"OrderedDict([('code', 'G001'), ('name', '居酒屋'), ('catch', '完全個室和食Dining 宴会 飲み会')])",3.0,35.6905825128,139.7027737491
塚田農場 新宿東南口店 宮崎県日南市,"OrderedDict([('code', 'G001'), ('name', '居酒屋'), ('catch', '地鶏と九州料理を楽しむ居酒屋')])",3.13,35.690274194000004,139.7020182701
地鶏と地酒 とっとり,"OrderedDict([('code', 'G001'), ('name', '居酒屋'), ('catch', '新宿 個室 居酒屋 飲み放題宴会 海鮮')])",3.0,35.6935507835,139.702547538
石狩川 新宿,"OrderedDict([('code', 'G004'), ('name', '和食'), ('catch', '居酒屋 貸切 飲み会 飲み放題 日本酒 和食')])",3.06,35.6888250695,139.6974870468
塚田農場 西新宿小滝橋店 鹿児島県霧島市,"OrderedDict([('code', 'G001'), ('name', '居酒屋'), ('catch', '地鶏と九州料理を楽しむ居酒屋')])",3.06,35.6944708377,139.6980573273
米助 よねすけ 新宿総本店,"OrderedDict([('code', 'G001'), ('name', '居酒屋'), ('catch', '【おすすめ】アクセス数 新宿No.1の居酒屋!')])",3.2,35.6905413872,139.7020588115
ミート田中 新宿西口駅前店,"OrderedDict([('code', 'G001'), ('name', '居酒屋'), ('catch', '新宿 居酒屋 個室 バル 西口 宴会')])",3.15,35.6895894124,139.6969087319
戦国武勇伝,"OrderedDict([('code', 'G001'), ('name', '居酒屋'), ('catch', '戦国 新宿 個室居酒屋\u3000飲み放題\u3000宴会')])",3.04,35.6935877269,139.7026625268
炉ばたや銀政 新宿野村ビル店,"OrderedDict([('code', 'G001'), ('name', '居酒屋'), ('catch', '新宿 個室 居酒屋 和食 鮮魚 炉ばた焼 宴会')])",3.07,35.692998709099996,139.6953520608
北海道 新宿西口店,"OrderedDict([('code', 'G001'), ('name', '居酒屋'), ('catch', '旬の食材・蟹・海鮮＆日本酒を愉しむ居酒屋')])",3.0,35.6897491586,139.6984769255
よかろうもん 新宿西口駅前店,"OrderedDict([('code', 'G001'), ('name', '居酒屋'), ('catch', '新宿\u3000居酒屋\u3000個室 誕生日 宴会')])",3.04,35.6887492603,139.698068667
米助 よねすけ 新宿総本店,"OrderedDict([('code', 'G001'), ('name', '居酒屋'), ('catch', '新宿 個室  合コン 誕生日 居酒屋 忘年会')])",3.2,35.6905141696,139.70211769649998
海幸山幸たまて箱,"OrderedDict([('code', 'G001'), ('name', '居酒屋'), ('catch', '新宿駅前 和食 居酒屋 食べ放題 飲み放題')])",3.0,35.6929135281,139.6986159534
月の雫 新宿パレット店,"OrderedDict([('code', 'G001'), ('name', '居酒屋'), ('catch', '個室タイプで寛げる和風居酒屋')])",3.01,35.6925377632,139.69959338540002
塚田農場 京王フレンテ新宿三丁目店 北海道シントク町,"OrderedDict([('code', 'G001'), ('name', '居酒屋'), ('catch', '自社養鶏場地鶏と北海道産食材の居酒屋')])",3.08,35.6909525341,139.7051302006
かば屋 歌舞伎町輝ビル店,"OrderedDict([('code', 'G001'), ('name', '居酒屋'), ('catch', '[居酒屋 九州 郷土料理 和食 飲み放題]')])",3.02,35.694065430900004,139.7019159044
越後屋 久保田 新宿店,"OrderedDict([('code', 'G001'), ('name', '居酒屋'), ('catch', '新潟の郷土料理・銘酒を新宿で堪能')])",3.43,35.688346498,139.69695211139998
和酒バル 一菜合彩 issai gassai 新宿西口店,"OrderedDict([('code', 'G001'), ('name', '居酒屋'), ('catch', '新宿西口1分。大人の隠れ家、日本酒居酒屋')])",3.05,35.692944906,139.6983365314
和食個室居酒屋 蝉時雨 新宿店,"OrderedDict([('code', 'G001'), ('name', '居酒屋'), ('catch', '新宿 鍋 居酒屋 個室 女子会 歓送迎会')])",3.06,35.688794517199995,139.6974795486
しゃぶしゃぶの店 くう 新宿店,"OrderedDict([('code', 'G001'), ('name', '居酒屋'), ('catch', '新宿で女性人気◎な生姜料理専門店')])",3.04,35.6937210302,139.702101458
はなの舞 新宿西口パレット店,"OrderedDict([('code', 'G001'), ('name', '居酒屋'), ('catch', '《各種宴会承ります》【最大55名様】個室有')])",3.02,35.6925377632,139.69959338540002
美味か UMAKA 新宿南口店 別邸,"OrderedDict([('code', 'G001'), ('name', '居酒屋'), ('catch', '新宿 個室 食べ放題 飲み放題 宴会 飲み会')])",3.38,35.6891176706,139.7025052196
肉居酒屋 39th 新宿東口店,"OrderedDict([('code', 'G001'), ('name', '居酒屋'), ('catch', '新宿の肉居酒屋')])",3.04,35.690884137800005,139.7024851504
九州 熱中屋 西新宿LIVE,"OrderedDict([('code', 'G001'), ('name', '居酒屋'), ('catch', '九州料理\u3000焼酎\u3000もつ鍋\u3000居酒屋\u3000新宿')])",3.06,35.688357608000004,139.69695766610002
東京ヤキトリ本舗 新宿 歌舞伎町,"OrderedDict([('code', 'G001'), ('name', '居酒屋'), ('catch', 'お通しなし！焼き鳥1本120円！新宿駅近')])",3.0,35.6937943369,139.7014137358
土間土間 代々木店,"OrderedDict([('code', 'G001'), ('name', '居酒屋'), ('catch', '代々木 居酒屋 宴会 個室 肉 チーズ 忘年会')])",3.0,35.6822073181,139.70176722620002
吉今 新宿西口本店,"OrderedDict([('code', 'G001'), ('name', '居酒屋'), ('catch', '串焼  居酒屋 生ビール\u3000ハイボール')])",3.0,35.6918239055,139.69775190389998
花ぜん 新宿本店,"OrderedDict([('code', 'G001'), ('name', '居酒屋'), ('catch', '宴会ご予約受付中×新宿駅徒歩1分×宴会')])",3.0,35.6940531224,139.6986339617
牛角 新宿西口店,"OrderedDict([('code', 'G008'), ('name', '焼肉・ホルモン'), ('catch', '炭火焼肉 居酒屋 食べ放題 飲み放題')])",3.01,35.6888825555,139.6972048462
上海酒場 居酒屋 千駄ヶ谷店,"OrderedDict([('code', 'G001'), ('name', '居酒屋'), ('catch', '【本格中華】2時間食べ飲み放題 2980円〜')])",3.03,35.6853123033,139.7039088641
木村屋本店 代々木北口,"OrderedDict([('code', 'G001'), ('name', '居酒屋'), ('catch', '居酒屋\u3000個室\u3000食べ飲み放題\u3000忘年会')])",3.07,35.684516471100004,139.7005936222
串焼き 魚 新宿宮川 昭和ビル店,"OrderedDict([('code', 'G001'), ('name', '居酒屋'), ('catch', '新宿西口 居酒屋 個室 宴会 貸切 和食 海鮮')])",3.04,35.6898435462,139.6967465133
三代目鳥メロ 新宿御苑前店,"OrderedDict([('code', 'G001'), ('name', '居酒屋'), ('catch', '新宿三丁目 居酒屋 飲み放題 焼き鳥')])",3.03,35.689135874,139.7081175196
金の蔵 きんくら酒場 新宿パレット店,"OrderedDict([('code', 'G001'), ('name', '居酒屋'), ('catch', '新宿西口 居酒屋 飲み放題 食べ放題  夜景')])",3.0,35.6924988779,139.699566167
はなの舞 代々木東口店,"OrderedDict([('code', 'G001'), ('name', '居酒屋'), ('catch', '代々木 海鮮居酒屋 飲放題付コース2500円〜')])",3.02,35.6832027949,139.7030173578
酒蔵 紀州屋,"OrderedDict([('code', 'G001'), ('name', '居酒屋'), ('catch', '新宿 居酒屋 しゃぶしゃぶ 日本酒 宴会')])",3.2,35.6888770335,139.6984352974
昆ぶ家 こぶや 新宿三丁目店,"OrderedDict([('code', 'G001'), ('name', '居酒屋'), ('catch', '地鶏料理と焼酎豊富！料理が自慢の居酒屋♪')])",3.08,35.691071428899996,139.7058540232
築地食堂 源ちゃん 新宿御苑,"OrderedDict([('code', 'G001'), ('name', '居酒屋'), ('catch', '毎日築地直送★海鮮居酒屋')])",3.08,35.68902173,139.7084844374
三平酒寮,"OrderedDict([('code', 'G001'), ('name', '居酒屋'), ('catch', '新宿で創業40年！定番の老舗居酒屋☆')])",3.12,35.6930047107,139.7016790227
代々木横丁,"OrderedDict([('code', 'G001'), ('name', '居酒屋'), ('catch', 'フジTV『本音でハシゴ酒』で紹介された店！')])",3.05,35.6818940349,139.7023255247
牛タン圭助 新宿南口,"OrderedDict([('code', 'G001'), ('name', '居酒屋'), ('catch', '新宿 居酒屋 宴会 個室 完全個室 牛タン 昼')])",3.01,35.6901408899,139.7025487859
香港居酒屋 福招門 新宿御苑前店,"OrderedDict([('code', 'G007'), ('name', '中華'), ('catch', '15名様以上のご予約で幹事様無料！')])",3.02,35.6905293824,139.7101456246
本家 かのや,"OrderedDict([('code', 'G001'), ('name', '居酒屋'), ('catch', '居酒屋\u3000鍋\u3000鹿児島\u3000九州\u3000テラス\u3000代々木')])",3.26,35.684399886,139.70315729790002
でん,"OrderedDict([('code', 'G001'), ('name', '居酒屋'), ('catch', '新宿 居酒屋  おでん 飲み会 日本酒 ワイン')])",4.41,35.6890794525,139.69625936309998
九州宮崎地鶏 創作和食 ぎょぎょぎょ,"OrderedDict([('code', 'G003'), ('name', '創作料理'), ('catch', '新宿三丁目の居酒屋。創作和食と日本酒')])",3.0,35.6945127544,139.7075915151
居酒屋 ヤサイ串巻 ベジィタ,"OrderedDict([('code', 'G001'), ('name', '居酒屋'), ('catch', '居酒屋\u3000串\u3000焼き鳥\u3000飲み放題\u3000新宿御苑前')])",3.06,35.6902078265,139.7129376224
鳥森,"OrderedDict([('code', 'G001'), ('name', '居酒屋'), ('catch', '〜特選大山地鶏使用\u3000本格炭火焼鳥居酒屋〜')])",3.08,35.6945487617,139.70385960870001
串かつ 煮込み 炙り どかん,"OrderedDict([('code', 'G001'), ('name', '居酒屋'), ('catch', '串かつ・煮込み・炙りが自慢の大衆居酒屋')])",3.04,35.6887739509,139.6969898689
丸港水産 新宿本店,"OrderedDict([('code', 'G004'), ('name', '和食'), ('catch', '新宿 居酒屋 宴会 貸切 大人数 海鮮 送別会')])",3.09,35.6916935892,139.7061595278
三平 中央線酒場,"OrderedDict([('code', 'G001'), ('name', '居酒屋'), ('catch', '学生/宴会//居酒屋/ダイニング/個室/東京')])",3.06,35.6929627777,139.70192983639998
串焼き 魚 新宿宮川 野村ビル店,"OrderedDict([('code', 'G001'), ('name', '居酒屋'), ('catch', '満足度◎新宿串焼き・旬魚！接待・宴会◎')])",3.03,35.6930542626,139.6955103784
新宿かっぱ,"OrderedDict([('code', 'G015'), ('name', 'その他グルメ'), ('catch', '衝撃価格！生ビール190円(税抜)ビアホール')])",3.08,35.6939765383,139.7014015073
三代目鳥メロ 新宿歌舞伎町店,"OrderedDict([('code', 'G001'), ('name', '居酒屋'), ('catch', '炭火焼ダイニング★【最大宴会60名が可能】')])",3.04,35.6939626617,139.7018042514
旅籠 はたご,"OrderedDict([('code', 'G004'), ('name', '和食'), ('catch', '和食居酒屋\u3000癒しの空間\u3000ホテルレストラン')])",3.05,35.6899185227,139.69618266930001
昆ぶ家 こぶや 新宿西口店 創作鶏酒場,"OrderedDict([('code', 'G001'), ('name', '居酒屋'), ('catch', '鶏料理と焼酎豊富！料理が自慢の居酒屋♪')])",3.2,35.6886964593,139.6969770953
半兵ヱ ハンベエ 歌舞伎町靖国通り松屋隣の東海苑ビル3階店,"OrderedDict([('code', 'G001'), ('name', '居酒屋'), ('catch', '昭和のレトロ居酒屋\u3000飲み放題付2500円〜')])",3.0,35.6935524494,139.7025242066
呑者家 西口店,"OrderedDict([('code', 'G001'), ('name', '居酒屋'), ('catch', '名物料理が200種以上！老舗駅近居酒屋☆')])",3.23,35.6886742818,139.6985575174
ドイツ風居酒屋 クライネヒュッテ,"OrderedDict([('code', 'G001'), ('name', '居酒屋'), ('catch', '少人数〜110人の貸切まで幅広くおもてなし')])",3.37,35.6876271483,139.697463208
呑者家 銅羅 どんじゃか どら,"OrderedDict([('code', 'G001'), ('name', '居酒屋'), ('catch', '名物料理目白押しの名店')])",3.41,35.691338090500004,139.706790044
魚米 新宿店,"OrderedDict([('code', 'G001'), ('name', '居酒屋'), ('catch', '新鮮魚介・和風居酒屋')])",3.56,35.6901331055,139.7022710321
鳥どり 新宿新南口店,"OrderedDict([('code', 'G001'), ('name', '居酒屋'), ('catch', '居酒屋 宴会 個室 飲み放題 和食 焼き鳥 肉')])",3.02,35.688507747399996,139.7028071628
カラオケ 747 新宿三丁目店,"OrderedDict([('code', 'G011'), ('name', 'カラオケ・パーティ'), ('catch', 'カラオケ 居酒屋')])",3.05,35.6914102798,139.7058623422
ミライザカ 新宿御苑前店,"OrderedDict([('code', 'G001'), ('name', '居酒屋'), ('catch', '新宿御苑前 居酒屋 飲み放題 宴会')])",3.04,35.6889912101,139.7096898917
呑者家 本店,"OrderedDict([('code', 'G001'), ('name', '居酒屋'), ('catch', '元気の出る居酒屋')])",3.31,35.6911020054,139.7067678332
わすれん棒 新宿東口店,"OrderedDict([('code', 'G001'), ('name', '居酒屋'), ('catch', '厳選宮崎霧島鶏の焼鳥×釜飯×厳選馬刺')])",3.23,35.6940181958,139.7012348531
九州熱中屋 新宿野村ビルLIVE,"OrderedDict([('code', 'G001'), ('name', '居酒屋'), ('catch', '九州料理\u3000焼酎\u3000もつ鍋\u3000居酒屋\u3000西新宿')])",3.14,35.6930145412,139.6953751137
バリバリ鶏 新宿西口本店,"OrderedDict([('code', 'G001'), ('name', '居酒屋'), ('catch', '新宿駅 居酒屋 バル 女子会 歓送迎会 個室')])",3.0,35.6887492603,139.698068667
馬肉酒場 三村 新宿西口店,"OrderedDict([('code', 'G001'), ('name', '居酒屋'), ('catch', 'ヘルシー馬肉の専門居酒屋大衆酒場”三村”')])",3.08,35.6925377632,139.69959338540002
バリバリ鶏 新宿靖国通り店,"OrderedDict([('code', 'G002'), ('name', 'ダイニングバー・バル'), ('catch', '新宿/居酒屋/バリバリ鶏/女子会/飲み放題')])",3.04,35.6941765287,139.7018847915
かあさん 新宿西口店,"OrderedDict([('code', 'G001'), ('name', '居酒屋'), ('catch', 'かあさん手作り料理と全国の焼酎・地酒の店')])",3.06,35.689035339200004,139.69807143309998
金の蔵 新宿西口2号店,"OrderedDict([('code', 'G001'), ('name', '居酒屋'), ('catch', '新宿西口 居酒屋 飲み放題 食べ放題  個室')])",3.0,35.6887353703,139.6979686761
わすれん棒 新宿本店,"OrderedDict([('code', 'G001'), ('name', '居酒屋'), ('catch', '新宿駅4分。霧島鶏の炭火本格焼鳥')])",3.06,35.6906380943,139.7039791999
もて茄子や,"OrderedDict([('code', 'G001'), ('name', '居酒屋'), ('catch', '和風 居酒屋 宴会 御苑 貸切 創作料理')])",3.04,35.6888718494,139.7123202285
魚米 新宿店はなれ,"OrderedDict([('code', 'G001'), ('name', '居酒屋'), ('catch', '新鮮魚介・和風居酒屋')])",3.54,35.6883287221,139.6969446128
ぶっちぎり酒場 新宿靖国通り店,"OrderedDict([('code', 'G001'), ('name', '居酒屋'), ('catch', '新宿 居酒屋 安い 飲み会 飲み放題食べ放題')])",3.06,35.6928628186,139.7030380795
てけてけ 新宿総本店,"OrderedDict([('code', 'G001'), ('name', '居酒屋'), ('catch', '新宿居酒屋\u3000焼き鳥\u3000飲み放題\u3000個室宴会')])",3.04,35.6939209067,139.6983184383
松尾ジンギスカン 朋哉 新宿三丁目 本店/酒場 仁義,"OrderedDict([('code', 'G008'), ('name', '焼肉・ホルモン'), ('catch', '最強のジンギスカン道')])",3.07,35.691488053200004,139.706026214
新橋シャモロック酒場 西新宿鶏舎,"OrderedDict([('code', 'G001'), ('name', '居酒屋'), ('catch', '新宿/居酒屋/和食/宴会/飲み放題')])",3.24,35.6892991795,139.69736314940002
大衆和牛酒場 コンロ家 霜降り和牛鍋と神戸牛ホルモン鉄板焼 代々木店,"OrderedDict([('code', 'G001'), ('name', '居酒屋'), ('catch', '神戸牛・A5和牛とワインのお店☆')])",3.51,35.6834004521,139.6993368294
タンネ,"OrderedDict([('code', 'G001'), ('name', '居酒屋'), ('catch', 'ドイツ気分を味わえる欧風居酒屋')])",3.55,35.6824161938,139.7021549627
津軽郷土料理 がるがる,"OrderedDict([('code', 'G001'), ('name', '居酒屋'), ('catch', '津軽郷土料＆田舎居酒屋')])",3.3,35.6937577037,139.7025119772
鮮や一夜 新宿東口駅前店,"OrderedDict([('code', 'G001'), ('name', '居酒屋'), ('catch', '新宿 居酒屋 女子会 個室 同窓会 飲み会')])",3.05,35.690536933000004,139.7016738444
九州 熱中屋 新宿三丁目LIVE,"OrderedDict([('code', 'G001'), ('name', '居酒屋'), ('catch', '九州料理 焼酎 もつ鍋 居酒屋 新宿三丁目')])",3.0,35.6908714615,139.7062317769
アジアン居酒屋 カラシュ,"OrderedDict([('code', 'G009'), ('name', 'アジア・エスニック料理'), ('catch', '新宿駅すぐのアジアンフード専門店居酒屋！')])",3.07,35.6882687227,139.6967168568
ファームテーブル 新宿店,"OrderedDict([('code', 'G001'), ('name', '居酒屋'), ('catch', '新宿 飲み放題 個室居酒屋 女子会 宴会')])",3.0,35.6928730317,139.7006618922
淡水研究室,"OrderedDict([('code', 'G001'), ('name', '居酒屋'), ('catch', '代々木\u3000居酒屋\u3000鮮魚\u3000日本酒')])",3.06,35.6819472992,139.6999637788
新宿のまっちゃん,"OrderedDict([('code', 'G001'), ('name', '居酒屋'), ('catch', '新宿の歌舞伎町にある大衆居酒屋◎')])",3.47,35.6942959449,139.7013298339
居酒屋 おいどん,"OrderedDict([('code', 'G001'), ('name', '居酒屋'), ('catch', '鹿児島 郷土料理 居酒屋 ランチ 芋焼酎')])",3.34,35.694718037,139.6982384131
新宿 居酒屋 樽一 本店,"OrderedDict([('code', 'G001'), ('name', '居酒屋'), ('catch', '【創業50年】\u3000日本随一の鯨料理専門店。')])",3.54,35.6944296199,139.7042884659
西新宿 居酒屋 とりとん,"OrderedDict([('code', 'G001'), ('name', '居酒屋'), ('catch', '西新宿/飲み放題/居酒屋/個室/女子会/宴会')])",3.1,35.6940294149,139.69492622229998
鳥貴族 新宿靖国通り店,"OrderedDict([('code', 'G001'), ('name', '居酒屋'), ('catch', '298円均一(税抜)の国産焼鳥の居酒屋！')])",3.07,35.6930294588,139.702751986
牛タン 圭助 新宿三丁目店,"OrderedDict([('code', 'G001'), ('name', '居酒屋'), ('catch', '居酒屋 宴会 完全個室 牛タン もつ鍋')])",3.17,35.690838323,139.70298733180002
昌平ラーメン 新宿西口店,"OrderedDict([('code', 'G001'), ('name', '居酒屋'), ('catch', '西新宿すぐ!!中華居酒屋コース2980円〜')])",3.55,35.693529235700005,139.6965074968
川香苑 本店,"OrderedDict([('code', 'G007'), ('name', '中華'), ('catch', '新宿 居酒屋 四川料理 飲み放題 創作中華')])",3.62,35.6937960272,139.70230477110002
鮪氏 Mr.TORO 新宿西口店,"OrderedDict([('code', 'G001'), ('name', '居酒屋'), ('catch', '新宿 西口 居酒屋')])",3.13,35.6891880679,139.696877084
御酒印船 新宿店,"OrderedDict([('code', 'G001'), ('name', '居酒屋'), ('catch', '居酒屋料金で楽しめる割烹の味')])",3.07,35.6900964612,139.7029515312
濱焼北海道魚萬 歌舞伎町博ビル店,"OrderedDict([('code', 'G001'), ('name', '居酒屋'), ('catch', '北海道を丸ごと味わえる！海鮮居酒屋')])",3.03,35.693968230100005,139.7023055974
三五八,"OrderedDict([('code', 'G001'), ('name', '居酒屋'), ('catch', '博多 串焼き 居酒屋')])",3.05,35.687155141,139.7035216008
アゴ出汁しゃぶしゃぶ・炉端焼 五島人 西新宿店,"OrderedDict([('code', 'G004'), ('name', '和食'), ('catch', '新宿\u3000居酒屋\u3000五島料理\u3000しゃぶしゃぶ')])",3.15,35.6942161623,139.6987356132
居酒屋割烹 三三五五,"OrderedDict([('code', 'G001'), ('name', '居酒屋'), ('catch', 'ホテル直結！東急ステイ新宿')])",3.05,35.6908014687,139.7062051153
居酒屋一休 新宿歌舞伎町店,"OrderedDict([('code', 'G001'), ('name', '居酒屋'), ('catch', '旨い、安い、毎日が割引！')])",3.0,35.6947736796,139.7017347803
番屋 新宿東口店,"OrderedDict([('code', 'G001'), ('name', '居酒屋'), ('catch', '新宿東口 個室居酒屋 宴会 居酒屋 歓送迎会')])",3.08,35.6915685375,139.7036958533
あじぱん,"OrderedDict([('code', 'G016'), ('name', 'お好み焼き・もんじゃ'), ('catch', '新宿御苑/お好み焼き/もんじゃ/居酒屋')])",3.03,35.6904555594,139.7123004444
鳥貴族 新宿3丁目店,"OrderedDict([('code', 'G001'), ('name', '居酒屋'), ('catch', '298円均一(税抜)の国産焼鳥の居酒屋！')])",3.02,35.6916074818,139.7059345504
炭火串焼 げんき屋 代々木店,"OrderedDict([('code', 'G001'), ('name', '居酒屋'), ('catch', '串焼き、刺身にこだわる居酒屋♪')])",3.05,35.6831999888,139.7019468934
かあさん 新宿南口店,"OrderedDict([('code', 'G001'), ('name', '居酒屋'), ('catch', '全国の焼酎・地酒・隠し酒と大皿料理')])",3.0,35.6878799494,139.6994046995
串打ちジビエと鰻串 新宿寅箱,"OrderedDict([('code', 'G003'), ('name', '創作料理'), ('catch', '新宿でうなぎとジビエを堪能出来る居酒屋')])",3.48,35.6923805119,139.7082398789
柚柚 yuyu 西新宿店,"OrderedDict([('code', 'G001'), ('name', '居酒屋'), ('catch', '[西新宿個室居酒屋]飲み放題充実!135名まで')])",3.0,35.6944461348,139.6986742203
鳥どり 新宿東口店,"OrderedDict([('code', 'G001'), ('name', '居酒屋'), ('catch', '居酒屋 宴会 個室 飲み放題 和食 焼き鳥 肉')])",3.02,35.6909407842,139.7019654701
居酒屋 鰻将 新宿本店,"OrderedDict([('code', 'G001'), ('name', '居酒屋'), ('catch', '新宿 居酒屋 鰻 串 レタスしゃぶしゃぶ')])",3.23,35.694441275100004,139.7039076645
おもてなしとりよし 西新宿店,"OrderedDict([('code', 'G004'), ('name', '和食'), ('catch', '新宿駅1分｜1ランク上の上質な和食居酒屋')])",3.55,35.6895639034,139.6985413719
鳥貴族 新宿南口店,"OrderedDict([('code', 'G001'), ('name', '居酒屋'), ('catch', '298円均一(税抜)の国産焼鳥の居酒屋！')])",3.01,35.6891965508,139.7025127158
肉バル 肉シーナ,"OrderedDict([('code', 'G001'), ('name', '居酒屋'), ('catch', '新宿居酒屋 完全個室 3H7品飲放題付2999円')])",3.0,35.6936846631,139.70276445870002
笑笑 代々木西口駅前店,"OrderedDict([('code', 'G001'), ('name', '居酒屋'), ('catch', '[くつろぎの居酒屋][飲み放題 貸切]')])",3.0,35.6835041174,139.7018027267
山久 新宿店,"OrderedDict([('code', 'G001'), ('name', '居酒屋'), ('catch', '完全個室×海鮮居酒屋★海鮮しゃぶしゃぶも')])",3.0,35.6942953891,139.70131844600002
二軒目BAR,"OrderedDict([('code', 'G001'), ('name', '居酒屋'), ('catch', '歌舞伎町居酒屋\u3000焼酎300種\u3000朝5時まで営業')])",3.12,35.6948626438,139.7049261721
九州 熱中屋 新宿LIVE,"OrderedDict([('code', 'G001'), ('name', '居酒屋'), ('catch', '九州料理\u3000焼酎\u3000もつ鍋\u3000居酒屋\u3000新宿')])",3.02,35.6928825349,139.7029014237
串かつ でんがな 新宿三丁目店,"OrderedDict([('code', 'G001'), ('name', '居酒屋'), ('catch', '居酒屋/飲み放題/串カツ/忘新年会/ 宴会')])",3.09,35.690574270999996,139.7061651278
金の蔵 新宿東口総本店,"OrderedDict([('code', 'G001'), ('name', '居酒屋'), ('catch', '新宿東口 居酒屋 飲み放題 ご宴会 女子会')])",3.0,35.6906186008,139.7020599194
嘉暮家 十六 新宿店,"OrderedDict([('code', 'G001'), ('name', '居酒屋'), ('catch', '新宿御苑近く。九州宮崎料理の居酒屋')])",3.03,35.688691318800004,139.7124952209
はなの舞 新宿東口店,"OrderedDict([('code', 'G001'), ('name', '居酒屋'), ('catch', '《各種宴会承ります》【最大30名様】個室有')])",3.0,35.692976639099996,139.7009599183
かあさん 新宿駅前店,"OrderedDict([('code', 'G001'), ('name', '居酒屋'), ('catch', '全国の焼酎・地酒・隠し酒と大皿料理')])",3.0,35.689863014299995,139.6977158746
博多鶏 新宿店,"OrderedDict([('code', 'G001'), ('name', '居酒屋'), ('catch', '新宿居酒屋 完全個室 2時間飲放付8品2998円')])",3.14,35.692787816999996,139.7026625589
まるかみ水産 新宿店,"OrderedDict([('code', 'G001'), ('name', '居酒屋'), ('catch', '居酒屋\u3000海鮮料理')])",3.06,35.6887158369,139.6945578557
すしざむらい 歌舞伎町輝ビル総本店,"OrderedDict([('code', 'G004'), ('name', '和食'), ('catch', '海の香り漂う！海鮮居酒屋')])",3.08,35.694065430900004,139.7019159044
白木屋 歌舞伎町輝ビル店,"OrderedDict([('code', 'G001'), ('name', '居酒屋'), ('catch', '[くつろぎの居酒屋][飲み放題\u3000激安\u3000和食]')])",3.0,35.694065430900004,139.7019159044
てけてけ 新宿西口駅前店,"OrderedDict([('code', 'G001'), ('name', '居酒屋'), ('catch', '新宿居酒屋\u3000焼き鳥\u3000宴会')])",3.07,35.6893158584,139.6978936592
月の雫 新宿中央東口店,"OrderedDict([('code', 'G004'), ('name', '和食'), ('catch', '新宿/個室/居酒屋/宴会/和食/海鮮')])",3.03,35.690638040799996,139.7019765924
本格中華居酒屋 東順永 とうじゅんえい 新宿本店,"OrderedDict([('code', 'G001'), ('name', '居酒屋'), ('catch', '本格中華100種が食べ放題2時間2000円♪')])",3.41,35.6929684998,139.708187082
元気回復堂 四代目新宿酒場,"OrderedDict([('code', 'G001'), ('name', '居酒屋'), ('catch', '新宿/居酒屋/完全個室/貸切/飲み放題/団体')])",3.0,35.6891050381,139.6974903686
九州 熱中屋 新宿西口LIVE,"OrderedDict([('code', 'G001'), ('name', '居酒屋'), ('catch', '九州料理\u3000焼酎\u3000もつ鍋\u3000居酒屋\u3000新宿')])",3.06,35.6889439492,139.6976414733
アジアン居酒屋 グランドダージリン 新宿東口店,"OrderedDict([('code', 'G001'), ('name', '居酒屋'), ('catch', 'タイ＆インド☆味のシルクロード巡り')])",3.13,35.6907713904,139.7031464876
響 新宿サザンタワー店 新宿サザンテラス,"OrderedDict([('code', 'G004'), ('name', '和食'), ('catch', '新宿 和食 個室 居酒屋 宴会 接待 法事')])",3.26,35.68614989960001,139.7006424414
新宿 居酒屋 樽一 新宿三丁目店,"OrderedDict([('code', 'G003'), ('name', '創作料理'), ('catch', '創業50年。日本随一の鯨料理店の二号店。')])",3.07,35.6907988848,139.7030537166
ええとこ 代々木,"OrderedDict([('code', 'G001'), ('name', '居酒屋'), ('catch', '新宿 代々木\u3000お好み焼き 飲み放題 個室')])",3.0,35.6831861462,139.7036217516
鳥貴族 西武新宿駅前店,"OrderedDict([('code', 'G001'), ('name', '居酒屋'), ('catch', '298円均一(税抜)の国産焼鳥の居酒屋！')])",3.0,35.694630886700004,139.7005634967
燻製工房 くんせいこうぼう 新宿三丁目,"OrderedDict([('code', 'G001'), ('name', '居酒屋'), ('catch', '新宿\u3000居酒屋\u3000個室\u3000夜景\u3000燻製×ワイン')])",3.2,35.6917880381,139.7067261425
響 西新宿野村ビル店,"OrderedDict([('code', 'G001'), ('name', '居酒屋'), ('catch', '新宿西口 和食 居酒屋 個室 夜景 接待 宴会')])",3.14,35.6929589915,139.695359284
龍馬の空 別邸,"OrderedDict([('code', 'G001'), ('name', '居酒屋'), ('catch', '新宿 個室 居酒屋 飲み放題\u3000宴会\u3000 誕生日')])",3.22,35.6928627087,139.6989239848
金の蔵 新宿歌舞伎町店,"OrderedDict([('code', 'G001'), ('name', '居酒屋'), ('catch', '新宿 居酒屋 飲み放題 食べ放題 きんくら')])",3.01,35.693992101999996,139.7017703642
目利きの銀次 新宿西口小田急ハルク裏店,"OrderedDict([('code', 'G001'), ('name', '居酒屋'), ('catch', '海の香り漂う！海鮮居酒屋')])",3.01,35.692995454,139.6982698684
新宿花園町 蕎麦 角ヤ,"OrderedDict([('code', 'G001'), ('name', '居酒屋'), ('catch', '新宿御苑前すぐ。蕎麦と地酒の居酒屋')])",3.0,35.690493885900004,139.712206562
さくら水産 新宿西口店,"OrderedDict([('code', 'G001'), ('name', '居酒屋'), ('catch', '海産物居酒屋')])",3.01,35.6895185933,139.6971409372
とん 代々木店,"OrderedDict([('code', 'G001'), ('name', '居酒屋'), ('catch', '鮮度の良いモツ◆安くて気軽に寄れる居酒屋')])",3.04,35.683416614,139.7013080501
ミート田中 新宿店,"OrderedDict([('code', 'G001'), ('name', '居酒屋'), ('catch', '新宿 居酒屋 個室 バル 西口 宴会')])",3.15,35.689630240599996,139.69688873200002
響 新宿NOWAビル店,"OrderedDict([('code', 'G004'), ('name', '和食'), ('catch', '新宿 新宿東口 和食個室 接待 宴会 送別会')])",3.16,35.6903936069,139.7013405451
楽蔵 新宿東口店,"OrderedDict([('code', 'G001'), ('name', '居酒屋'), ('catch', '新宿 居酒屋 焼き鳥 串焼き 女子会 飲み会')])",3.0,35.691304358400004,139.7021157205
餃子専科 DINING LEE,"OrderedDict([('code', 'G007'), ('name', '中華'), ('catch', '26種のこだわり餃子が食べられる居酒屋')])",3.24,35.692879459299995,139.70213759979998
白木屋 新宿西口小田急ハルク裏店,"OrderedDict([('code', 'G001'), ('name', '居酒屋'), ('catch', '[くつろぎの居酒屋][飲み放題\u3000激安\u3000和食]')])",3.0,35.6929829554,139.69826959120002
竹取の花しずく 西新宿店,"OrderedDict([('code', 'G001'), ('name', '居酒屋'), ('catch', '[西新宿個室居酒屋]飲み放題充実!140名まで')])",3.0,35.6944389107,139.6985758956
居酒屋 ぞんぶん 新宿三丁目店,"OrderedDict([('code', 'G004'), ('name', '和食'), ('catch', '新宿 しゃぶしゃぶ 和食 居酒屋 鍋 宴会')])",3.06,35.691490830300005,139.7060101042
山内農場 新宿 歌舞伎町セントラルロード店,"OrderedDict([('code', 'G001'), ('name', '居酒屋'), ('catch', '[居酒屋 和食 地鶏][飲み放題・個室タイプ]')])",3.01,35.694062641,139.701448722
日本そば 一ノ瀬 新宿野村ビル店,"OrderedDict([('code', 'G001'), ('name', '居酒屋'), ('catch', 'そば/新宿/西口/居酒屋/飲み放題/宴会')])",3.04,35.6930145412,139.6953751137
笑笑 新宿西口小田急ハルク裏店,"OrderedDict([('code', 'G001'), ('name', '居酒屋'), ('catch', '[くつろぎの居酒屋][飲み放題 貸切]')])",3.0,35.6929479582,139.6982265407
かこいや 新宿店,"OrderedDict([('code', 'G001'), ('name', '居酒屋'), ('catch', 'ママ会 昼宴会\u3000個室 接待\u3000宴会\u3000新宿駅')])",3.08,35.6888215986,139.7027210464
鳥どり 総本家 新宿三丁目店,"OrderedDict([('code', 'G001'), ('name', '居酒屋'), ('catch', '居酒屋 宴会 個室 飲み放題 和食 焼き鳥 肉')])",3.06,35.6909380963,139.70532074049999
銀座ライオン 安具楽 新宿センタービル店,"OrderedDict([('code', 'G004'), ('name', '和食'), ('catch', '開店３５年の老舗居酒屋/個室最大60名様')])",3.01,35.691804401199995,139.6954271023
錦亭 新宿店,"OrderedDict([('code', 'G001'), ('name', '居酒屋'), ('catch', '新宿個室居酒屋 個室2名〜200名でも相談！')])",3.16,35.6905380748,139.7028293017
芋蔵 新宿西口店,"OrderedDict([('code', 'G001'), ('name', '居酒屋'), ('catch', '居酒屋 個室 飲み会 飲み放題 肉 鍋 もつ鍋')])",3.0,35.6895297356,139.6983566668
黄金の蔵 ジパング 新宿西口駅前店,"OrderedDict([('code', 'G001'), ('name', '居酒屋'), ('catch', '串焼  居酒屋 生ビール\u3000ハイボール')])",3.02,35.6918266834,139.6977685691
本格火鍋居酒屋 大重慶 麻辣湯 新宿歌舞伎町店,"OrderedDict([('code', 'G007'), ('name', '中華'), ('catch', '新宿 歌舞伎町 火鍋 貸切 大人数 宴会 個室')])",3.19,35.6940793332,139.70247418969998
新宿っ子居酒屋 とととりとん,"OrderedDict([('code', 'G001'), ('name', '居酒屋'), ('catch', '新宿/居酒屋/飲み放題/誕生日/女子会/宴会')])",3.08,35.6887214673,139.69738261540002
九州屋,"OrderedDict([('code', 'G001'), ('name', '居酒屋'), ('catch', '九州料理\u3000焼酎\u3000もつ鍋\u3000居酒屋\u3000新宿')])",3.24,35.691418336999995,139.705955945
旬香 shunka 新宿東口店,"OrderedDict([('code', 'G001'), ('name', '居酒屋'), ('catch', '◆団体歓迎・宴会コース・3時間 2450円〜◆')])",3.04,35.69455979940001,139.7011576157
養老乃瀧 代々木東口店,"OrderedDict([('code', 'G001'), ('name', '居酒屋'), ('catch', '和風大衆居酒屋')])",3.03,35.6835333132,139.7030162335
八吉 新宿西口二の丸店,"OrderedDict([('code', 'G001'), ('name', '居酒屋'), ('catch', '創作和食料理！漁港直送鮮魚が堪能できる店')])",3.1,35.6889642116,139.6971529029
くし家 串猿 新宿御苑店,"OrderedDict([('code', 'G003'), ('name', '創作料理'), ('catch', '【新宿御苑\u3000 串カツ 居酒屋】')])",3.04,35.6907474165,139.71026449459998
カラオケの鉄人 西新宿店,"OrderedDict([('code', 'G011'), ('name', 'カラオケ・パーティ'), ('catch', '非日常感漂うスタイリッシュ空間♪')])",3.0,35.6894547034,139.6968326327
アローズクラブ ARROWS CLUB,"OrderedDict([('code', 'G006'), ('name', 'イタリアン・フレンチ'), ('catch', 'イタリア料理居酒屋')])",3.01,35.6902300349,139.7125146019
大衆酒場 トラノコ,"OrderedDict([('code', 'G001'), ('name', '居酒屋'), ('catch', '新宿駅近！安くて旨い！レトロな大衆居酒屋')])",3.12,35.6938615507,139.7013815136
八吉 新宿西口店,"OrderedDict([('code', 'G004'), ('name', '和食'), ('catch', '産直鮮魚と本格和食を、個室で愉しめるお店')])",3.24,35.6897785624,139.6970798209
かど新 新宿西口店,"OrderedDict([('code', 'G001'), ('name', '居酒屋'), ('catch', '居酒屋')])",3.09,35.6894547117,139.6971464949
ニュートーキョー 庄屋 新宿IDSビル店,"OrderedDict([('code', 'G001'), ('name', '居酒屋'), ('catch', '仕事帰りにサクッと飲める！！大衆居酒屋')])",3.03,35.688885346199996,139.69769924850002
鉄板二百℃ 西新宿店,"OrderedDict([('code', 'G002'), ('name', 'ダイニングバー・バル'), ('catch', '鉄板焼き\u3000居酒屋\u3000新宿西口')])",3.07,35.6943939194,139.6987089416
居酒屋 うま加,"OrderedDict([('code', 'G001'), ('name', '居酒屋'), ('catch', '居酒屋')])",3.19,35.6934237109,139.7076115571
もります,"OrderedDict([('code', 'G001'), ('name', '居酒屋'), ('catch', '居酒屋\u3000焼き鳥')])",3.07,35.6928627252,139.6995405991
遊酔亭 かり屋,"OrderedDict([('code', 'G001'), ('name', '居酒屋'), ('catch', '居酒屋')])",3.12,35.6906767578,139.7061020735
お江戸あやとり,"OrderedDict([('code', 'G001'), ('name', '居酒屋'), ('catch', '新宿 炉端焼き鳥＆和食居酒屋')])",3.07,35.694612308,139.701700623
大衆酒場 がもん,"OrderedDict([('code', 'G001'), ('name', '居酒屋'), ('catch', '居酒屋')])",3.03,35.6947476908,139.7062038459
切麦や 甚六,"OrderedDict([('code', 'G001'), ('name', '居酒屋'), ('catch', '新宿御苑前で最高評価の創作うどん居酒屋')])",3.59,35.6892017999,139.7118605321
陶玄房,"OrderedDict([('code', 'G001'), ('name', '居酒屋'), ('catch', '居酒屋')])",3.5,35.690713076,139.7036097839
いっぷく,"OrderedDict([('code', 'G001'), ('name', '居酒屋'), ('catch', '立ち飲み居酒屋')])",3.46,35.6919741224,139.7065067092
三平酒寮 西口店 和風居酒屋,"OrderedDict([('code', 'G001'), ('name', '居酒屋'), ('catch', '和風居酒屋')])",3.12,35.6895144329,139.6973584189
のみや,"OrderedDict([('code', 'G001'), ('name', '居酒屋'), ('catch', '居酒屋')])",3.5,35.6907020416,139.7064345442
高田屋 千駄ヶ谷店,"OrderedDict([('code', 'G001'), ('name', '居酒屋'), ('catch', '創作和食・蕎麦居酒屋')])",3.0,35.6809810111,139.7100651813
中華料理 雅,"OrderedDict([('code', 'G007'), ('name', '中華'), ('catch', '新宿南口徒歩2分の本場の中華居酒屋！')])",3.08,35.6892358359,139.6967112629
とりやなんじゃこりゃ 新宿3丁目店,"OrderedDict([('code', 'G001'), ('name', '居酒屋'), ('catch', '居酒屋\u3000鶏肉料理')])",3.09,35.6918158044,139.7064122792
勘之丞,"OrderedDict([('code', 'G006'), ('name', 'イタリアン・フレンチ'), ('catch', 'イタリアン・居酒屋・ワインバー')])",3.54,35.6899744755,139.7112924938
ふうが屋,"OrderedDict([('code', 'G001'), ('name', '居酒屋'), ('catch', '気軽に立ち寄れる洋風居酒屋')])",3.01,35.6835388069,139.7007242059
九重 新宿西口駅前店,"OrderedDict([('code', 'G001'), ('name', '居酒屋'), ('catch', '上質な個室を備えた大人の居酒屋')])",3.14,35.6929093618,139.6986123428
薄皮餃子専門 渋谷餃子 新宿3丁目店,"OrderedDict([('code', 'G001'), ('name', '居酒屋'), ('catch', '新宿中央東口2分♪餃子居酒屋★')])",3.06,35.6907455748,139.7037017192
モト moto 新宿 日本酒スタンド,"OrderedDict([('code', 'G001'), ('name', '居酒屋'), ('catch', '立ち飲み 居酒屋 日本酒')])",3.58,35.6928823285,139.7055734188
えんや 新宿西口駅前店,"OrderedDict([('code', 'G001'), ('name', '居酒屋'), ('catch', '新宿\u3000居酒屋\u3000個室\u3000合コン\u3000忘新年会')])",3.0,35.6887492599,139.6980556126
浪曼房,"OrderedDict([('code', 'G001'), ('name', '居酒屋'), ('catch', '居酒屋')])",3.52,35.6898520394,139.7027710008
鳥貴族 新宿歌舞伎町店,"OrderedDict([('code', 'G001'), ('name', '居酒屋'), ('catch', '298円均一(税抜)の国産焼鳥の居酒屋！')])",3.0,35.694062641,139.701448722
屋台屋 博多劇場 西新宿店,"OrderedDict([('code', 'G001'), ('name', '居酒屋'), ('catch', '新宿/餃子/もつ鍋/串焼き/居酒屋/飲み放題')])",3.08,35.693923676,139.6980137418
エビスコ酒場 新宿歌舞伎町店,"OrderedDict([('code', 'G001'), ('name', '居酒屋'), ('catch', '炭火焼\u3000居酒屋')])",3.14,35.694687587800004,139.7020930866
三丁目の串もん屋,"OrderedDict([('code', 'G001'), ('name', '居酒屋'), ('catch', '【290円均一居酒屋】魚串・炭火焼き鳥酒場')])",3.0,35.6908825637,139.7059429121
グラム 新宿店,"OrderedDict([('code', 'G001'), ('name', '居酒屋'), ('catch', '新宿居酒屋 完全個室 3H飲放題付￥2997〜')])",3.0,35.6930294588,139.702751986
一番どり 新宿センタービル店,"OrderedDict([('code', 'G001'), ('name', '居酒屋'), ('catch', '串焼き居酒屋')])",3.06,35.691651920300004,139.69550043549998
やきとりセンター 新宿歌舞伎町店,"OrderedDict([('code', 'G001'), ('name', '居酒屋'), ('catch', '焼鳥\u3000焼き鳥\u3000居酒屋\u3000新宿東口')])",3.05,35.6941765287,139.7018847915
美味園,"OrderedDict([('code', 'G007'), ('name', '中華'), ('catch', '本格中華居酒屋\u3000上海料理\u3000飲み放題')])",3.01,35.6892578657,139.7103981542
八吉 新宿明治通り店,"OrderedDict([('code', 'G004'), ('name', '和食'), ('catch', '漁港直送！高級魚のど黒が堪能できる店')])",3.1,35.691000861999996,139.7051326984
生パスタ食堂and伊酒場 タツヤ,"OrderedDict([('code', 'G002'), ('name', 'ダイニングバー・バル'), ('catch', '昼はイタリアン、夜はがっつり居酒屋！')])",3.05,35.681673815,139.7035623728
居酒屋 海の家2号店,"OrderedDict([('code', 'G001'), ('name', '居酒屋'), ('catch', '新宿/居酒屋/誕生日/女子会/食べ放題/3時間')])",3.03,35.6948014796,139.70268247639999
ぶんご商店,"OrderedDict([('code', 'G001'), ('name', '居酒屋'), ('catch', '新鮮魚介・居酒屋')])",3.21,35.6947265002,139.7031374407
讃岐饂飩 おごっと 新宿南口店,"OrderedDict([('code', 'G001'), ('name', '居酒屋'), ('catch', '新宿駅近\u3000うどん居酒屋')])",3.1,35.6885187739,139.6996879831
恋咲くら Koizakura 新宿南口店 別邸,"OrderedDict([('code', 'G001'), ('name', '居酒屋'), ('catch', '新宿 個室 食べ放題 飲み放題 宴会 飲み会')])",3.0,35.6891176706,139.7025052196
近江屋 新宿西口店,"OrderedDict([('code', 'G001'), ('name', '居酒屋'), ('catch', '上質な個室を備えた大人の居酒屋')])",3.52,35.6929135281,139.6986159534
ひさご 新宿,"OrderedDict([('code', 'G001'), ('name', '居酒屋'), ('catch', '居酒屋')])",3.29,35.6928627252,139.6995405991
タイ居酒屋 トンタイ 新宿店,"OrderedDict([('code', 'G009'), ('name', 'アジア・エスニック料理'), ('catch', '本場トンタイの味！忘新年会＆歓送迎会に◎')])",3.03,35.691761476799996,139.7105577623
金の蔵 新宿靖国通り店,"OrderedDict([('code', 'G001'), ('name', '居酒屋'), ('catch', '新宿東口\u3000居酒屋\u3000焼き鳥\u3000飲み放題')])",3.0,35.6939265408,139.7012848525
鍛冶屋文蔵 新宿西口店,"OrderedDict([('code', 'G001'), ('name', '居酒屋'), ('catch', '居酒屋')])",3.03,35.6891908458,139.6968909716
てけてけ 新宿南口店,"OrderedDict([('code', 'G001'), ('name', '居酒屋'), ('catch', '新宿居酒屋\u3000焼き鳥\u3000宴会')])",3.03,35.6882909623,139.697459015
黄金の豚 新宿靖国通り店,"OrderedDict([('code', 'G001'), ('name', '居酒屋'), ('catch', '個室・和風居酒屋・豚料理・旬の野菜')])",3.0,35.693643271999996,139.7025042047
りんず 新宿西口ハルク店,"OrderedDict([('code', 'G001'), ('name', '居酒屋'), ('catch', '海鮮居酒屋')])",3.38,35.6926405065,139.6987351209
辰乃家,"OrderedDict([('code', 'G001'), ('name', '居酒屋'), ('catch', '居酒屋')])",3.08,35.6928627252,139.6995405991
かど新 新宿西口店 2階,"OrderedDict([('code', 'G001'), ('name', '居酒屋'), ('catch', '居酒屋')])",3.09,35.6894883199,139.69717593549998
てけてけ 西新宿店,"OrderedDict([('code', 'G001'), ('name', '居酒屋'), ('catch', '西新宿居酒屋\u3000焼き鳥\u3000飲み放題\u3000個室宴会')])",3.03,35.694395749499996,139.6944381935
世界の山ちゃん 新宿花園店,"OrderedDict([('code', 'G001'), ('name', '居酒屋'), ('catch', '手羽先 名古屋 鶏料理 赤味噌料理 居酒屋')])",3.07,35.6943960725,139.7065288324
新宿 鼎 かなえ,"OrderedDict([('code', 'G004'), ('name', '和食'), ('catch', '【創業45年】新宿三丁目の名店老舗居酒屋')])",3.59,35.6916935893,139.7061623053
旨舞門 うまいもん 新宿西口駅前店,"OrderedDict([('code', 'G001'), ('name', '居酒屋'), ('catch', '新宿\u3000居酒屋\u3000個室\u3000西口\u3000宴会')])",3.05,35.6932026659,139.6987553744
一番どり 新宿マインズタワー店,"OrderedDict([('code', 'G001'), ('name', '居酒屋'), ('catch', '串焼き居酒屋')])",3.02,35.6864856442,139.6987381454
正々堂々,"OrderedDict([('code', 'G001'), ('name', '居酒屋'), ('catch', '旬彩台所\u3000居酒屋\u300015名から貸切OK★')])",3.52,35.6914908519,139.7068205908
こちら丸特漁業部 新宿靖国通り店,"OrderedDict([('code', 'G001'), ('name', '居酒屋'), ('catch', '東北で人気の和食居酒屋')])",3.07,35.6927254016,139.7055659257
もんきち,"OrderedDict([('code', 'G001'), ('name', '居酒屋'), ('catch', '居酒屋・郷土料理・こだわりの焼酎・日本酒')])",3.13,35.683007161199995,139.6992671289
清龍 歌舞伎町店,"OrderedDict([('code', 'G001'), ('name', '居酒屋'), ('catch', '蔵元居酒屋')])",3.08,35.694046047600004,139.7041234953
お菜家,"OrderedDict([('code', 'G001'), ('name', '居酒屋'), ('catch', '酒と肴の旨い新宿南口のダイニング居酒屋')])",3.02,35.686378281799996,139.7034377502
花彫酒家,"OrderedDict([('code', 'G001'), ('name', '居酒屋'), ('catch', '中国料理\u3000点心\u3000中華居酒屋')])",3.39,35.690641764,139.7061879009
てけてけ 代々木店,"OrderedDict([('code', 'G001'), ('name', '居酒屋'), ('catch', '代々木居酒屋\u3000焼き鳥\u3000飲み放題\u3000宴会')])",3.02,35.682511185,139.7022268972
からげんき,"OrderedDict([('code', 'G001'), ('name', '居酒屋'), ('catch', '新宿 飲み放題 駅近 やきとり 居酒屋 宴会')])",3.25,35.6948875235,139.7005293226
一心 新宿西口店,"OrderedDict([('code', 'G001'), ('name', '居酒屋'), ('catch', '個室/焼き鳥/宴会/飲み会/二次会/食べ放')])",3.0,35.6930432274,139.6983073633
池林房,"OrderedDict([('code', 'G001'), ('name', '居酒屋'), ('catch', '居酒屋')])",3.54,35.6908520296,139.7066206335
個室居酒屋八吉 新宿東口店,"OrderedDict([('code', 'G001'), ('name', '居酒屋'), ('catch', '全席個室\u3000駅から徒歩1分\u3000創作和食料理')])",3.24,35.6914851615,139.7017465779
天空の雫 新宿東口店,"OrderedDict([('code', 'G001'), ('name', '居酒屋'), ('catch', '新宿 個室\u3000居酒屋 歓送迎会 3時間飲み放題')])",3.0,35.6935885565,139.7025250384
喰しん坊 つちや,"OrderedDict([('code', 'G001'), ('name', '居酒屋'), ('catch', '居酒屋')])",3.03,35.683177767,139.7018685676
Tori Nojo 新宿店,"OrderedDict([('code', 'G001'), ('name', '居酒屋'), ('catch', '新宿居酒屋 地鶏 焼き鳥 個室 食べ放題')])",3.04,35.6930433376,139.7024320127
九十九 つくも 新宿東口店,"OrderedDict([('code', 'G001'), ('name', '居酒屋'), ('catch', '●完全個室：２〜１８０名×食べ放題 ●')])",3.05,35.6947206297,139.7017197837
から味処 粧,"OrderedDict([('code', 'G001'), ('name', '居酒屋'), ('catch', '居酒屋')])",3.56,35.6899188387,139.7080177744
鳥貴族 新宿区役所通り店,"OrderedDict([('code', 'G001'), ('name', '居酒屋'), ('catch', '298円均一(税抜)の国産焼鳥の居酒屋！')])",3.0,35.6935891473,139.7038479815
新宿日向や,"OrderedDict([('code', 'G001'), ('name', '居酒屋'), ('catch', '新宿個室\u3000居酒屋 個室 団体 飲み放題')])",3.45,35.6930225048,139.7023656303
一滴八銭屋 新宿本店,"OrderedDict([('code', 'G001'), ('name', '居酒屋'), ('catch', '創作うどん居酒屋新宿')])",3.57,35.6889631023,139.6972159532
八吉 新宿三丁目店,"OrderedDict([('code', 'G001'), ('name', '居酒屋'), ('catch', '個室充実、創作和食料理')])",3.08,35.6918626754,139.7038611053
炉端かば 新宿西口本店,"OrderedDict([('code', 'G001'), ('name', '居酒屋'), ('catch', '海鮮\u3000個室\u3000居酒屋  宴会  フロア貸切り')])",3.0,35.688785351,139.6974576064
味わい酒場,"OrderedDict([('code', 'G001'), ('name', '居酒屋'), ('catch', '立ち飲みの雰囲気で飲めるカウンター居酒屋')])",3.04,35.6894523023,139.7109258793
半兵ヱ 歌舞伎町一番街焼肉安楽亭のビルの5階店,"OrderedDict([('code', 'G001'), ('name', '居酒屋'), ('catch', '昭和のレトロ居酒屋\u3000飲み放題付2500円〜')])",3.0,35.6941004022,139.7009893151
ねこ膳,"OrderedDict([('code', 'G004'), ('name', '和食'), ('catch', '居酒屋、定食・食堂')])",3.53,35.6936211531,139.7062788847
養老乃瀧 新宿西口店,"OrderedDict([('code', 'G001'), ('name', '居酒屋'), ('catch', '和風大衆居酒屋')])",3.03,35.6932043545,139.6995855815
薄皮餃子専門 渋谷餃子 新宿西口店,"OrderedDict([('code', 'G008'), ('name', '焼肉・ホルモン'), ('catch', '新宿西口駅すぐ\u3000餃子\u3000居酒屋')])",3.35,35.6888886666,139.6972298439
瓦 ダイニング kawara CAFE&DINING 新宿東口店,"OrderedDict([('code', 'G001'), ('name', '居酒屋'), ('catch', '新宿で女子会や誕生日会をやるなら瓦カフェ')])",3.07,35.6933654897,139.7011654408
ハワイテーブル HAWAII TABLE 新宿東口店,"OrderedDict([('code', 'G001'), ('name', '居酒屋'), ('catch', '新宿飲み屋/個室ダイニング『宴会/大人数』')])",3.0,35.6946964738,139.7020228144
ウォルトンズ Walton's 新宿東口店,"OrderedDict([('code', 'G002'), ('name', 'ダイニングバー・バル'), ('catch', '目の前カット！和牛のシュラスコ食べ放題')])",3.0,35.6942953891,139.70131844600002
星空の中へ,"OrderedDict([('code', 'G002'), ('name', 'ダイニングバー・バル'), ('catch', '新宿 野村ビル50F 天空の和食処')])",3.16,35.6930181507,139.69532983969998
SUIGETSU すいげつ 新宿駅前店,"OrderedDict([('code', 'G002'), ('name', 'ダイニングバー・バル'), ('catch', '炙り肉寿司&焼鳥&全品食べ飲み放題2480円')])",3.04,35.6941534585,139.701240125
HAWAII TABLE 新宿店,"OrderedDict([('code', 'G001'), ('name', '居酒屋'), ('catch', '新宿飲み屋/個室ダイニング『宴会/飲み会』')])",3.0,35.6946861968,139.7020086494
新宿テラス 新宿東口駅前店,"OrderedDict([('code', 'G002'), ('name', 'ダイニングバー・バル'), ('catch', '新宿駅1分★お洒落なチーズカフェDining★')])",3.04,35.6933660453,139.7011687738
アナナス ananas 新宿東口本店,"OrderedDict([('code', 'G001'), ('name', '居酒屋'), ('catch', '新宿 個室 肉 チーズ 食べ放題 女子会 バル')])",3.06,35.6948039407,139.7012362103
バードマン 新宿西口店,"OrderedDict([('code', 'G001'), ('name', '居酒屋'), ('catch', '話題のチーズタッカルビが新登場！')])",3.19,35.6929654761,139.69896842129998
七色てまりうた,"OrderedDict([('code', 'G001'), ('name', '居酒屋'), ('catch', 'てまり寿司・つくねフォンデュ／てまり個室')])",3.08,35.691026902800004,139.7026098563
コロニアルガーデン 新宿,"OrderedDict([('code', 'G002'), ('name', 'ダイニングバー・バル'), ('catch', '【新宿御苑】EthnicResortDining')])",3.08,35.6889246173,139.71217329450002
絵本の国のアリス,"OrderedDict([('code', 'G002'), ('name', 'ダイニングバー・バル'), ('catch', '女子会★誕生日★記念日プラン2500円〜')])",3.18,35.6935877268,139.7026597492
THE OLD STATION 新宿店,"OrderedDict([('code', 'G001'), ('name', '居酒屋'), ('catch', '新宿 ステーキ 肉 個室 宴会 ビール 忘年会')])",3.07,35.6909407842,139.7019654701
サルヴァトーレ クオモ SALVATORE CUOMO 代々木 新宿文化クイントビル,"OrderedDict([('code', 'G006'), ('name', 'イタリアン・フレンチ'), ('catch', '本格窯焼きピッツァとイタリアン')])",3.07,35.686263344299995,139.6948912591
オリエンタルダイニング ロータスラウンジ Lotus Lounge 新宿,"OrderedDict([('code', 'G002'), ('name', 'ダイニングバー・バル'), ('catch', 'お洒落OrientalResortDining')])",3.08,35.6905353386,139.704373615
アジアンビストロ パラパ Palapa,"OrderedDict([('code', 'G002'), ('name', 'ダイニングバー・バル'), ('catch', '南国リゾート空間で新感覚アジアンビストロ')])",3.43,35.6911079913,139.7021062847
肉道 nikumichi 新宿店,"OrderedDict([('code', 'G001'), ('name', '居酒屋'), ('catch', '新宿駅徒歩3分♪完全個室リゾート風バル♪')])",3.0,35.6941431878,139.701459829
魔法の国のアリス 新宿,"OrderedDict([('code', 'G002'), ('name', 'ダイニングバー・バル'), ('catch', '女子会★記念日★誕生日★コース2500円〜')])",3.23,35.6926405065,139.6987351209
肉バル野菜バル GABU家 新宿東口店,"OrderedDict([('code', 'G002'), ('name', 'ダイニングバー・バル'), ('catch', '新鮮なお肉とお野菜 ""肉バル×野菜バル”')])",3.0,35.6935727248,139.7025214283
Gabutto ガブット 新宿店,"OrderedDict([('code', 'G002'), ('name', 'ダイニングバー・バル'), ('catch', '新宿話題の肉バル☆本格シュラスコ♪')])",3.06,35.6948597983,139.7023824995
UBU CAFE ルミネエスト新宿店,"OrderedDict([('code', 'G001'), ('name', '居酒屋'), ('catch', 'アジアン女子会やランチならルミネエストへ')])",3.04,35.6913240528,139.7011571901
肉バル FORST フォルスト 新宿3丁目店,"OrderedDict([('code', 'G001'), ('name', '居酒屋'), ('catch', '忘年会は肉鍋♪詳しくはお電話にて☆')])",3.07,35.6909733153,139.7032661915
ボエム Boheme 新宿店,"OrderedDict([('code', 'G011'), ('name', 'カラオケ・パーティ'), ('catch', '貸切OK≪追いコン・歓送迎会など≫受付中☆')])",3.16,35.6947764752,139.7024130558
てぃーだ 新宿西口店,"OrderedDict([('code', 'G001'), ('name', '居酒屋'), ('catch', '☆梅酒100種類・焼酎50種類・泡盛50種類☆')])",3.08,35.693529239,139.6966297086
サムラート SAMRAT 新宿東口店,"OrderedDict([('code', 'G002'), ('name', 'ダイニングバー・バル'), ('catch', '【新宿東口2分】本格タイ料理で女子会♪')])",3.38,35.692348971,139.7024181528
キリストンカフェ 東京,"OrderedDict([('code', 'G002'), ('name', 'ダイニングバー・バル'), ('catch', '新宿 イタリアン ローストビーフ')])",3.16,35.692940647,139.70526233180001
お好みダイニング 八寸八卓 新宿西口店,"OrderedDict([('code', 'G001'), ('name', '居酒屋'), ('catch', '新宿西口での貸切に◎駅直結/宴会3000円〜')])",3.05,35.689837223299996,139.69919241670001
UP 西新宿店 ダーツ Darts アップ,"OrderedDict([('code', 'G002'), ('name', 'ダイニングバー・バル'), ('catch', '【駅近】最新ダーツ/貸切/新宿/歓送迎会')])",3.0,35.688352067,139.6974770666
個室 クラフトビール 貴 新宿店,"OrderedDict([('code', 'G001'), ('name', '居酒屋'), ('catch', '飲み放題 合コン 女子会 記念日\u3000宴会')])",3.5,35.6918337733,139.7032431034
アークラウンジ Ark Lounge 新宿西口店,"OrderedDict([('code', 'G006'), ('name', 'イタリアン・フレンチ'), ('catch', '新宿西口のイタリアン☆ワイン×チーズで◎')])",3.0,35.6929129722,139.698601788
官兵ヱ KANBE 新宿東口,"OrderedDict([('code', 'G001'), ('name', '居酒屋'), ('catch', '赤字覚悟120分70種単品飲み放題プラン666円')])",3.04,35.693592165,139.70244532290002
神田の肉バル ランプキャップ RUMP CAP 新宿西口店,"OrderedDict([('code', 'G002'), ('name', 'ダイニングバー・バル'), ('catch', 'おいしい肉塊をリーズナブルな料金で♪')])",3.08,35.6924988779,139.699566167
焼肉 TOTORO 戸灯路,"OrderedDict([('code', 'G008'), ('name', '焼肉・ホルモン'), ('catch', '溶岩鉄板 Ａ５黒毛和牛 ・ 大人の完全個室')])",3.0,35.6948083845,139.7012309328
THE CAVE ザ・ケイブ 新宿東口店,"OrderedDict([('code', 'G001'), ('name', '居酒屋'), ('catch', '人気上昇中の肉バル★新感覚の肉バルを紹介')])",3.02,35.6946459286,139.70219641280002
完全個室ダイニング 田村屋,"OrderedDict([('code', 'G001'), ('name', '居酒屋'), ('catch', '完全個室・新宿駅東口&西口徒歩5分')])",3.0,35.694048678,139.6986178521
グルニエキッチン Grenier Kitchen 新宿東口店,"OrderedDict([('code', 'G001'), ('name', '居酒屋'), ('catch', '人気上昇中の肉バル★新感覚の肉バルを紹介')])",3.02,35.6943564938,139.7013392751
カリーナ 新宿店,"OrderedDict([('code', 'G001'), ('name', '居酒屋'), ('catch', '自家製ローストビーフとチーズフォンデュ')])",3.0,35.6943234401,139.7012678936
ココバル coco baru 新宿店,"OrderedDict([('code', 'G001'), ('name', '居酒屋'), ('catch', 'メディア取材実績多数！お肉のテーマランド')])",3.0,35.6907455748,139.7037017192
ミッション Mission 新宿西口店,"OrderedDict([('code', 'G006'), ('name', 'イタリアン・フレンチ'), ('catch', '濃厚チーズ×贅沢肉料理×食べ放題！')])",3.03,35.6888853257,139.6969334803
肉バル MOGU家  新宿東口店,"OrderedDict([('code', 'G001'), ('name', '居酒屋'), ('catch', '大人気肉バルが新宿に登場！満腹肉宴会！')])",3.0,35.6926555964,139.70216593979998
MEAT PEER 新宿店,"OrderedDict([('code', 'G002'), ('name', 'ダイニングバー・バル'), ('catch', '新宿/個室ダイニング/宴会/飲み会/チーズ')])",3.0,35.694415377,139.7013714922
ロードハウス ROAD HOUSE 新宿西口店,"OrderedDict([('code', 'G002'), ('name', 'ダイニングバー・バル'), ('catch', 'GUINＮESS\u3000BEST\u3000PUB認定ビールの名店♪')])",3.06,35.6930460137,139.69863789069998
ガブガブット 新宿東口店,"OrderedDict([('code', 'G001'), ('name', '居酒屋'), ('catch', '☆国産牛のシュラスコ食べ放題☆')])",3.06,35.6948597983,139.7023824995
完全個室ダイニング 田村屋 離れ,"OrderedDict([('code', 'G001'), ('name', '居酒屋'), ('catch', '完全個室・新宿駅東口&西口徒歩5分')])",3.0,35.694094228400004,139.6986139617
肉バル アモーレ新宿,"OrderedDict([('code', 'G002'), ('name', 'ダイニングバー・バル'), ('catch', '新宿駅3分 3H食べ飲み放題コース2980円〜◎')])",3.02,35.690311433299996,139.70281347879998
太陽の娘 FAVETTA,"OrderedDict([('code', 'G006'), ('name', 'イタリアン・フレンチ'), ('catch', 'イタリアン×プロジェクションマッピング')])",3.08,35.694123733699996,139.7010162563
牛鶏豚 GyuToriTon 新宿店,"OrderedDict([('code', 'G001'), ('name', '居酒屋'), ('catch', '""いいね""連発♪◆新宿×おしゃれ肉バル◆')])",3.04,35.6948006397,139.70243249770002
まさらダイニング masala dining,"OrderedDict([('code', 'G002'), ('name', 'ダイニングバー・バル'), ('catch', '【ナン食べ放題】口コミ人気IndianDining')])",3.58,35.690713076,139.7036097839
KIRAKU 新宿西口店,"OrderedDict([('code', 'G002'), ('name', 'ダイニングバー・バル'), ('catch', '3Ｈ飲放7品2500円〜☆パーティプラン充実☆')])",3.0,35.692936573699996,139.6983406981
ミステリアス MYSTERIOUS 新宿店,"OrderedDict([('code', 'G001'), ('name', '居酒屋'), ('catch', '新宿 東口 完全個室 合コン 誕生日 ３時間')])",3.04,35.693765466,139.7019625792
ラ・ボーネ 新宿駅前店,"OrderedDict([('code', 'G002'), ('name', 'ダイニングバー・バル'), ('catch', '濃厚チーズ&シュラスコ&肉寿司食べ放題')])",3.06,35.6936846631,139.70276445870002
ティキティキ Tiki Tiki 新宿店,"OrderedDict([('code', 'G001'), ('name', '居酒屋'), ('catch', '新宿 女子会 誕生日 宴会 貸切 肉 忘新年会')])",3.08,35.6909380963,139.70532074049999
新宿 焼肉 ブルズ,"OrderedDict([('code', 'G008'), ('name', '焼肉・ホルモン'), ('catch', '駅徒歩1分の黒毛和牛が楽しめる上質焼肉店')])",3.41,35.6929496449,139.6989834207
肉バル MANZO マンゾ,"OrderedDict([('code', 'G006'), ('name', 'イタリアン・フレンチ'), ('catch', '熟成肉 肉バル ワイン 貸切 ソファー席')])",3.04,35.6878243914,139.6990797293
肉屋の台所 新宿歌舞伎町店,"OrderedDict([('code', 'G008'), ('name', '焼肉・ホルモン'), ('catch', '新宿 焼肉 食べ放題 飲み放題 黒毛和牛')])",3.04,35.6936846631,139.70276445870002
九州料理と博多もつ鍋 くすくす 新宿東口店,"OrderedDict([('code', 'G001'), ('name', '居酒屋'), ('catch', '新宿 個室 もつ鍋 焼鳥 忘年会')])",3.37,35.691245191,139.70184074620002
アクアリウムダイニング 新宿 ライム LIME,"OrderedDict([('code', 'G002'), ('name', 'ダイニングバー・バル'), ('catch', '新宿最大級のアクアリウムダイニング')])",3.07,35.6906155371,139.7017435575
くろねこピッツァ,"OrderedDict([('code', 'G006'), ('name', 'イタリアン・フレンチ'), ('catch', 'コース3700円〜新宿西口すぐのイタリアン♪')])",3.04,35.6929260164,139.6982320966
サザンタワーダイニング 新宿南口,"OrderedDict([('code', 'G006'), ('name', 'イタリアン・フレンチ'), ('catch', '地上100mの夜景が綺麗なレストラン＆バル')])",3.54,35.6865081851,139.70036356190002
BOCA ボカ 新宿,"OrderedDict([('code', 'G001'), ('name', '居酒屋'), ('catch', '新宿西口出口徒歩1分 地下隠れ家スペイン')])",3.05,35.6929404724,139.6987267762
トロ TORO 新宿西口本店,"OrderedDict([('code', 'G001'), ('name', '居酒屋'), ('catch', 'ボリューム満点★西新宿 NO.1コスパ 肉バル')])",3.13,35.6946346642,139.69641107180001
ASI VILLE アジビレ 新宿東口店,"OrderedDict([('code', 'G011'), ('name', 'カラオケ・パーティ'), ('catch', '新宿 歌舞伎町 貸切 宴会 パーティー')])",3.0,35.694890315900004,139.70108816389998
ハートダイニングバーアンドケイ Heart Dinin`Bar&K,"OrderedDict([('code', 'G006'), ('name', 'イタリアン・フレンチ'), ('catch', '誕生日 記念日 デート 個室 合コン 女子会')])",3.08,35.6938435248,139.7024136488
天空の囲 新宿東口駅前店,"OrderedDict([('code', 'G001'), ('name', '居酒屋'), ('catch', '忘年会 飲み会 個室 飲み放題 女子会 宴会')])",3.0,35.6928510905,139.700690224
プロント PRONTO 新宿駅東口店,"OrderedDict([('code', 'G001'), ('name', '居酒屋'), ('catch', '120様まで貸切パーティ可能♪15名様からOK')])",3.02,35.6929127876,139.70208760280002
ウメ子の家 新宿東口店,"OrderedDict([('code', 'G001'), ('name', '居酒屋'), ('catch', 'イタリアン 女子会 ステーキ 女子会 合コン')])",3.0,35.6917904444,139.7032286619
CONA 新宿歌舞伎町店,"OrderedDict([('code', 'G006'), ('name', 'イタリアン・フレンチ'), ('catch', '窯焼きピッツァ&サイドメニューALL500円♪')])",3.05,35.693757150799996,139.7026069692
ColonialLounge コロニアルラウンジ 新宿南口,"OrderedDict([('code', 'G002'), ('name', 'ダイニングバー・バル'), ('catch', '【新宿】宴会特典充実♪EthnicResortDining')])",3.03,35.6827670483,139.7044275332
ELSA エルザ 新宿本店,"OrderedDict([('code', 'G006'), ('name', 'イタリアン・フレンチ'), ('catch', '女子会×誕生日×宴会 ★ 一軒家イタリアン')])",3.08,35.6915066679,139.7062361954
ブルージュ Brugge 新宿高島屋14F,"OrderedDict([('code', 'G006'), ('name', 'イタリアン・フレンチ'), ('catch', 'ベルギービール/ビアホール/夜景/個室')])",3.51,35.6871109472,139.7023180938
ELSA エルザ 新宿本店,"OrderedDict([('code', 'G006'), ('name', 'イタリアン・フレンチ'), ('catch', '女子会×誕生日×宴会 ★ 一軒家イタリアン')])",3.08,35.6915066679,139.7062361954
ザ・クルラホーン 新宿店,"OrderedDict([('code', 'G002'), ('name', 'ダイニングバー・バル'), ('catch', '新宿で世界のビールが味わえる☆本格PUB♪')])",3.14,35.6943931729,139.7019569989
新宿マイバル,"OrderedDict([('code', 'G002'), ('name', 'ダイニングバー・バル'), ('catch', '20名〜貸切ＯＫ！スタイリッシュなバルで☆')])",3.06,35.6942161623,139.6987356132
隠れ家ワインバル ビストリア,"OrderedDict([('code', 'G002'), ('name', 'ダイニングバー・バル'), ('catch', 'LINE@公式アカウント登録でワインがお得に')])",3.14,35.682850509699996,139.6991743653
燻煙 SmokeDining 新宿三丁目店,"OrderedDict([('code', 'G002'), ('name', 'ダイニングバー・バル'), ('catch', '自家製燻製料理&美味ワインが味わえるお店!')])",3.35,35.6912852961,139.7059456735
ダイニングバー クロス 新宿,"OrderedDict([('code', 'G001'), ('name', '居酒屋'), ('catch', '肉バル/貸切/誕生記念日/合コン')])",3.05,35.6944084489,139.7019567205
ランブータン RAMBUTAN 新宿店,"OrderedDict([('code', 'G009'), ('name', 'アジア・エスニック料理'), ('catch', '駅直結☆本格タイ料理＆パンブッフェランチ')])",3.58,35.6918570758,139.7021859701
新宿 ワインキッチン,"OrderedDict([('code', 'G002'), ('name', 'ダイニングバー・バル'), ('catch', '肉 イタリアン ワイン 女子会 デート')])",3.26,35.6947180373,139.6982517453
ココニール COCONEEL 新宿,"OrderedDict([('code', 'G006'), ('name', 'イタリアン・フレンチ'), ('catch', '【大人の隠れ家】こだわりの料理とお酒♪')])",3.05,35.6942392772,139.7010548595
チャイナムーン 霞月樓 新宿三丁目店,"OrderedDict([('code', 'G007'), ('name', '中華'), ('catch', '東口すぐ！異国情緒溢れる空間×点心専門店')])",3.15,35.6908241442,139.7024737649
赤から 新宿東口店,"OrderedDict([('code', 'G001'), ('name', '居酒屋'), ('catch', '☆旨さにやみつき☆赤から鍋とセセリ焼')])",3.02,35.691390736,139.7020604439
伊太利亜市場BAR SALVATORE サルバトーレ,"OrderedDict([('code', 'G006'), ('name', 'イタリアン・フレンチ'), ('catch', '新宿三丁目徒歩３分☆イタリアンバル')])",3.08,35.6920768521,139.7051401546
ビストロ サヴァサヴァ,"OrderedDict([('code', 'G006'), ('name', 'イタリアン・フレンチ'), ('catch', '新宿駅すぐ★炭火ビストロ！')])",3.24,35.6929044786,139.7029639175
ぼでごん亭,"OrderedDict([('code', 'G002'), ('name', 'ダイニングバー・バル'), ('catch', 'レトロで落ち着けるダイニングバー♪')])",3.07,35.6910158839,139.7060151228
新宿駄菓子バー,"OrderedDict([('code', 'G001'), ('name', '居酒屋'), ('catch', '★駄菓子食べ放題★昭和レトロ★')])",3.0,35.6935549529,139.7026647501
オセロ Othello 新宿店,"OrderedDict([('code', 'G002'), ('name', 'ダイニングバー・バル'), ('catch', '飲み放題満足度・リピート率◎大人の隠れ家')])",3.11,35.6930184334,139.7059122734
海峡 新宿中央口店,"OrderedDict([('code', 'G010'), ('name', '各国料理'), ('catch', '第4回『からあげグランプリ』最高金賞受賞')])",3.02,35.6905547195,139.7020765872
プロント PRONTO 代々木店,"OrderedDict([('code', 'G002'), ('name', 'ダイニングバー・バル'), ('catch', '【パーティー宴会・立食＆貸切】ダイニング')])",3.07,35.68342216940001,139.70132415959998
バリラックス ザ ガーデン BALILax THE GARDEN 新宿,"OrderedDict([('code', 'G002'), ('name', 'ダイニングバー・バル'), ('catch', '新宿【個室】アジアンリゾート☆ダイニング')])",3.09,35.6930181507,139.69532706209998
E PRONTO エプロント 文化学園店,"OrderedDict([('code', 'G002'), ('name', 'ダイニングバー・バル'), ('catch', '新宿駅10分の隠れ家♪10名様より貸切可能☆')])",3.03,35.6842107805,139.694247785
リビングバー LIVING BAR 新宿店,"OrderedDict([('code', 'G002'), ('name', 'ダイニングバー・バル'), ('catch', '新宿 本格イタリアン 肉盛り 個室 貸切')])",3.07,35.6923129396,139.70524846930002
新宿 ワイン酒場,"OrderedDict([('code', 'G002'), ('name', 'ダイニングバー・バル'), ('catch', '新宿東南口の人気ワインバル')])",3.08,35.6893662594,139.70271935809998
プロント PRONTO 新宿三丁目店,"OrderedDict([('code', 'G002'), ('name', 'ダイニングバー・バル'), ('catch', '新宿駅でイタリアンと豊富なお酒が楽しめる')])",3.02,35.6915630453,139.7060456538
イタリアン鉄板バル eetoko エエトコ 新宿,"OrderedDict([('code', 'G002'), ('name', 'ダイニングバー・バル'), ('catch', 'ワインと合わせる＊3種のコースをご用意★')])",3.05,35.6903739247,139.70275431459999
カーサテキーラTokyo,"OrderedDict([('code', 'G002'), ('name', 'ダイニングバー・バル'), ('catch', '★５０名以上可、地下２階パーティスペース')])",3.05,35.694501519,139.7028935816
ナドニエ NADNYE 新宿三丁目店,"OrderedDict([('code', 'G002'), ('name', 'ダイニングバー・バル'), ('catch', '新宿三丁目 女子会 飲み放題 イタリアン')])",3.2,35.6908520294,139.7066100788
カンビーフ 新宿東南口駅前店,"OrderedDict([('code', 'G002'), ('name', 'ダイニングバー・バル'), ('catch', '最高級A5黒毛和牛&宮崎牛を楽しめる肉バル')])",3.22,35.6898881257,139.70199106569999
バグース BAGUS 新宿西口店,"OrderedDict([('code', 'G002'), ('name', 'ダイニングバー・バル'), ('catch', '新宿西口すぐ★ダーツ ビリヤード カラオケ')])",3.0,35.6931654498,139.6988295362
バル リフレイン,"OrderedDict([('code', 'G002'), ('name', 'ダイニングバー・バル'), ('catch', '新宿 女子会 記念日 パエリア 忘年会 肉')])",3.33,35.6928358745,139.70293864459998
新宿ケントス,"OrderedDict([('code', 'G002'), ('name', 'ダイニングバー・バル'), ('catch', '★LIVE SHOW★DANCE★RESTAURANT★')])",3.06,35.6923145279,139.7023226068
JAYCO,"OrderedDict([('code', 'G002'), ('name', 'ダイニングバー・バル'), ('catch', '野菜が主役のバー＆ダイニング〜ジャイコ〜')])",3.55,35.6933434306,139.7071788194
農家の台所 新宿三丁目店,"OrderedDict([('code', 'G002'), ('name', 'ダイニングバー・バル'), ('catch', 'おいしい野菜のアミューズメントレストラン')])",3.43,35.6911575171,139.7053596173
あそばれ 阿蘇晴れ 新宿東口店,"OrderedDict([('code', 'G002'), ('name', 'ダイニングバー・バル'), ('catch', '☆個室☆宴会☆九州料理☆日本酒バル☆')])",3.06,35.6901658803,139.70229602860002
Mexican Dining AVOCADO 新宿三丁目店,"OrderedDict([('code', 'G002'), ('name', 'ダイニングバー・バル'), ('catch', '多彩なアボカド料理とメキシカンが味わえる')])",3.51,35.6911825492,139.7066683939
KURAND SAKE MARKET 新宿店,"OrderedDict([('code', 'G002'), ('name', 'ダイニングバー・バル'), ('catch', '日本酒100種類を飲み比べし放題')])",3.06,35.6912353241,139.706782271
attic room SHINJUKU アティックルームシンジュク,"OrderedDict([('code', 'G002'), ('name', 'ダイニングバー・バル'), ('catch', '2フロアにわかれる屋根裏カフェダイニング')])",3.04,35.692885014,139.702127045
新宿中村屋 グランナ,"OrderedDict([('code', 'G002'), ('name', 'ダイニングバー・バル'), ('catch', 'ローストチキン＆日本ワイン')])",3.13,35.6917990258,139.7021493089
スペインバル 新宿ボルコ,"OrderedDict([('code', 'G002'), ('name', 'ダイニングバー・バル'), ('catch', '絶品スペイン料理×こだわりワイン')])",3.0,35.686865270700004,139.6967544099
房's ボウズ 西新宿,"OrderedDict([('code', 'G002'), ('name', 'ダイニングバー・バル'), ('catch', 'ワイン×新宿西口× 個室\u3000女子会・貸切')])",3.51,35.6889475864,139.6986352776
Plataran Resort&Restaurant プラタラン リゾート アンド レストラン,"OrderedDict([('code', 'G002'), ('name', 'ダイニングバー・バル'), ('catch', '新宿\u3000新宿三丁目\u3000インドネシア料理')])",3.0,35.6892072971,139.6992996551
御苑バル 2号店,"OrderedDict([('code', 'G002'), ('name', 'ダイニングバー・バル'), ('catch', '★貸切パーティーは20名様からご利用可★')])",3.03,35.690163647,139.71226934770002
元祖 壁の穴 新宿西口店,"OrderedDict([('code', 'G002'), ('name', 'ダイニングバー・バル'), ('catch', '新宿駅西口\u3000イタリアン\u3000パスタ\u3000女子会')])",3.08,35.689001714,139.6973992694
アームウッド コテージ ARMWOOD COTTAGE,"OrderedDict([('code', 'G002'), ('name', 'ダイニングバー・バル'), ('catch', '新宿御苑すぐ！小屋カフェダイニング◎')])",3.11,35.688225557399996,139.7132215668
シュタインハウス 新宿西口,"OrderedDict([('code', 'G002'), ('name', 'ダイニングバー・バル'), ('catch', 'ドイツビール 激レア インポート直営専門店')])",3.07,35.6929515742,139.6984240237
SHUGAR MARKET 新宿店,"OrderedDict([('code', 'G002'), ('name', 'ダイニングバー・バル'), ('catch', '時間無制限飲み放題！果実酒専門店 SHUGAR')])",3.06,35.6912169932,139.7067936597
ラッツダイニング Lad’s Dining 新宿店,"OrderedDict([('code', 'G002'), ('name', 'ダイニングバー・バル'), ('catch', '新宿駅からすぐ。おしゃれなダイニングバー')])",3.0,35.689743704899996,139.7022682701
Road House Basement Bar 新宿西口店,"OrderedDict([('code', 'G002'), ('name', 'ダイニングバー・バル'), ('catch', '新宿西口1分大人が隠れて通うバー♪')])",3.06,35.6931446025,139.6982157004
新宿 どん底,"OrderedDict([('code', 'G002'), ('name', 'ダイニングバー・バル'), ('catch', '【1951年創業】新宿の洋風酒場')])",3.58,35.6912444787,139.7063700835
blan Douce bar&kitchen,"OrderedDict([('code', 'G002'), ('name', 'ダイニングバー・バル'), ('catch', '◆西新宿にある大人の隠れ家的バー◆')])",3.0,35.6942653125,139.6983239795
アインソフ ジャーニー AIN SOPH.JOURNEY,"OrderedDict([('code', 'G002'), ('name', 'ダイニングバー・バル'), ('catch', '新宿初上陸！ベジタリアンDining')])",3.42,35.6906287232,139.7066864702
グリーンスポット,"OrderedDict([('code', 'G002'), ('name', 'ダイニングバー・バル'), ('catch', '旬の京野菜を使った、お箸で食べるフレンチ')])",3.58,35.6811671744,139.702403325
牡蠣とワインの店 アサドール・デル・マール,"OrderedDict([('code', 'G002'), ('name', 'ダイニングバー・バル'), ('catch', '新宿初進出！「牡蠣とワイン」のお店')])",3.5,35.6910709828,139.7099481196
ラグラス LAGURUS 代々木,"OrderedDict([('code', 'G002'), ('name', 'ダイニングバー・バル'), ('catch', '音響設備充実♪幹事さん安心の貸切空間☆')])",3.0,35.6842465188,139.70123996700002
CRAFT GRILL NIKKO KANAYA HOTEL,"OrderedDict([('code', 'G002'), ('name', 'ダイニングバー・バル'), ('catch', 'こだわりの国産クラフトビールと国産ワイン')])",3.54,35.690354793800005,139.7040130973
MOUTON,"OrderedDict([('code', 'G002'), ('name', 'ダイニングバー・バル'), ('catch', '【JR新宿駅徒歩5分】7/25グランドオープン!')])",3.05,35.6930225048,139.7023656303
房's ボウズ 新宿店 新宿東口,"OrderedDict([('code', 'G002'), ('name', 'ダイニングバー・バル'), ('catch', 'Tokyo Cuisine&Wine〜新宿東口・ワイン〜')])",3.51,35.6906058267,139.7021432462
御苑バル 新宿店,"OrderedDict([('code', 'G002'), ('name', 'ダイニングバー・バル'), ('catch', '新宿御苑前10秒★貸切パーティー20名様から')])",3.03,35.6888268035,139.7104142812
くらうど 新宿,"OrderedDict([('code', 'G002'), ('name', 'ダイニングバー・バル'), ('catch', '肉とチーズの創作イタリアン')])",3.06,35.6855222081,139.7012285279
ミュンヘン 新宿西口ハルク店,"OrderedDict([('code', 'G002'), ('name', 'ダイニングバー・バル'), ('catch', '落ち着いた雰囲気のビアホール！新宿駅近！')])",3.19,35.692637729,139.698735121
バンコクテラス Bangkok Terrace 新宿東口店,"OrderedDict([('code', 'G002'), ('name', 'ダイニングバー・バル'), ('catch', '女性のお客様に人気◎アジアン料理ブッフェ')])",3.03,35.6923117532,139.7024253759
ツムビアホフ,"OrderedDict([('code', 'G002'), ('name', 'ダイニングバー・バル'), ('catch', 'バイエルン国王の為のビールが飲める★')])",3.53,35.693707149299996,139.7023403272
DENアクアルーム新宿,"OrderedDict([('code', 'G002'), ('name', 'ダイニングバー・バル'), ('catch', '大水槽 2名個室 カップルシート 合コン')])",3.25,35.690030389099995,139.7041347666
ワインとパエリアのお店 スペイン魚介バル,"OrderedDict([('code', 'G002'), ('name', 'ダイニングバー・バル'), ('catch', 'スペイン料理＆魚介のお洒落な雰囲気のバル')])",3.03,35.6909150405,139.7052129728
バー バオバブ BAR BaoBab,"OrderedDict([('code', 'G002'), ('name', 'ダイニングバー・バル'), ('catch', 'アフリカン＆ソウルバー')])",3.4,35.6913658556,139.70643174
やさいや 鉄板焼野菜 新宿・歌舞伎町店,"OrderedDict([('code', 'G002'), ('name', 'ダイニングバー・バル'), ('catch', '歌舞伎町の大人の隠れ家的な、落ち着いた店')])",3.0,35.6939960087,139.7024541948
馬か正直 新宿東口店,"OrderedDict([('code', 'G002'), ('name', 'ダイニングバー・バル'), ('catch', '新宿東口の飲み放題宴会 ！完全個室で！')])",3.0,35.6908019348,139.7028598441
グラン GRAN,"OrderedDict([('code', 'G002'), ('name', 'ダイニングバー・バル'), ('catch', '厳選素材、TV出演')])",3.09,35.689677197600005,139.7079539006
ディプント Di PUNTO 新宿西口店,"OrderedDict([('code', 'G002'), ('name', 'ダイニングバー・バル'), ('catch', 'ガブ飲みワインと生ハムてんこ盛りの店♪')])",3.03,35.6939873115,139.6991966943
NAPA,"OrderedDict([('code', 'G002'), ('name', 'ダイニングバー・バル'), ('catch', 'カリフォルニアワイン＆ダイニング')])",3.04,35.6887578608,139.7081094799
The Public stand パブリックスタンド 歌舞伎町店,"OrderedDict([('code', 'G002'), ('name', 'ダイニングバー・バル'), ('catch', 'バー、カクテル')])",3.02,35.6935396852,139.702979724
わびすけ wabisuke,"OrderedDict([('code', 'G002'), ('name', 'ダイニングバー・バル'), ('catch', '隠れ家ワイン食堂')])",3.04,35.6884159528,139.6976326064
GRATIALLIGO グラーティアリゴ,"OrderedDict([('code', 'G002'), ('name', 'ダイニングバー・バル'), ('catch', '★満足度◎代々木クラフトビールバー★')])",3.0,35.6821722289,139.69828057950002
英国風パブ HUB 新宿靖国通り店,"OrderedDict([('code', 'G002'), ('name', 'ダイニングバー・バル'), ('catch', '日本で英国を感じるならHUBが一番！')])",3.01,35.6935477345,139.70277751860002
ラ・トック,"OrderedDict([('code', 'G002'), ('name', 'ダイニングバー・バル'), ('catch', 'フランス料理\u3000定食\u3000ワイン\u3000ランチ')])",3.09,35.690185573600004,139.7116952289
新宿Flags BBQ&ビアガーデン by デジキュー,"OrderedDict([('code', 'G002'), ('name', 'ダイニングバー・バル'), ('catch', 'BBQをもっと身近に簡単に！手ぶらでBBQ!')])",3.02,35.6900358761,139.70159026049998
ALBATROSS,"OrderedDict([('code', 'G002'), ('name', 'ダイニングバー・バル'), ('catch', 'Bar')])",3.06,35.693123803,139.69939615639998
新宿 ｅａｓｅ,"OrderedDict([('code', 'G002'), ('name', 'ダイニングバー・バル'), ('catch', '大人の隠れ家')])",3.31,35.69103533190001,139.7062317703
82 新宿三丁目店,"OrderedDict([('code', 'G002'), ('name', 'ダイニングバー・バル'), ('catch', '粋で楽しい英国PUBの伝統を継承')])",3.08,35.6913714141,139.7065650618
サントリーラウンジ イーグル,"OrderedDict([('code', 'G002'), ('name', 'ダイニングバー・バル'), ('catch', 'フレッシュフルーツカクテルとお料理のお店')])",3.48,35.6928322268,139.7015515404
日比谷 バー Bar 新宿東口店,"OrderedDict([('code', 'G002'), ('name', 'ダイニングバー・バル'), ('catch', 'Stylishダイニング')])",3.0,35.693000517,139.7006499437
BAR 九献 ホテルサンルートプラザ新宿,"OrderedDict([('code', 'G002'), ('name', 'ダイニングバー・バル'), ('catch', 'バー')])",3.04,35.687021692600005,139.6986492426
ビゴーテ bigote,"OrderedDict([('code', 'G002'), ('name', 'ダイニングバー・バル'), ('catch', 'ダイニングバー')])",3.06,35.6910217262,139.7063756475
英国風パブ HUB 新宿区役所通り店,"OrderedDict([('code', 'G002'), ('name', 'ダイニングバー・バル'), ('catch', '日本で英国を感じるならHUBが一番！')])",3.03,35.6937210811,139.70400685159998
そして・・・はなまる,"OrderedDict([('code', 'G002'), ('name', 'ダイニングバー・バル'), ('catch', '地鶏串焼と創作料理')])",3.03,35.6922796165,139.7054928943
ワイン厨房 晩酌邸 Vinsyakutei,"OrderedDict([('code', 'G002'), ('name', 'ダイニングバー・バル'), ('catch', '厳選ワインと創作料理を味わう隠れ家バル')])",3.16,35.6909797857,139.7063456517
BAR LIMITE バル リミテ,"OrderedDict([('code', 'G002'), ('name', 'ダイニングバー・バル'), ('catch', '新宿三丁目☆大人の隠れ家的飲み屋')])",3.05,35.691354733699995,139.7059790012
ATHREE PARLOR,"OrderedDict([('code', 'G002'), ('name', 'ダイニングバー・バル'), ('catch', '24時間営業')])",3.05,35.694065430900004,139.7019159044
ミートキッチンlog50 新宿三丁目店,"OrderedDict([('code', 'G002'), ('name', 'ダイニングバー・バル'), ('catch', 'お肉料理の種類が豊富なお洒落居酒屋')])",3.04,35.6908686758,139.7059240254
SALON DE BOU'S サロン ド ボウズ,"OrderedDict([('code', 'G002'), ('name', 'ダイニングバー・バル'), ('catch', 'ラウンジ＆パーティ')])",3.03,35.688899255100004,139.6985075126
英国風パブ HUB 新宿南口店,"OrderedDict([('code', 'G002'), ('name', 'ダイニングバー・バル'), ('catch', '日本で英国を感じるならHUBが一番！')])",3.04,35.6902714166,139.7020210478
マエストロ ベイカーズ カフェ アンド ブラッスリー,"OrderedDict([('code', 'G002'), ('name', 'ダイニングバー・バル'), ('catch', '気軽に寄れるカフェ＆ブラッスリー！')])",3.12,35.6884080159,139.71243968139999
ジャックポット JACK POT 新宿,"OrderedDict([('code', 'G002'), ('name', 'ダイニングバー・バル'), ('catch', 'オイスターバー')])",3.53,35.6917185815,139.705976209
パインテール PINETALE 2990,"OrderedDict([('code', 'G002'), ('name', 'ダイニングバー・バル'), ('catch', '3種の樽生と日本のビールが自慢の肉バル♪')])",3.06,35.694698725,139.703115777
がむしゃら 新宿,"OrderedDict([('code', 'G002'), ('name', 'ダイニングバー・バル'), ('catch', '三丁目のうまいもの')])",3.03,35.690803408600004,139.7060431845
プロント PRONTO 新宿センタービル店,"OrderedDict([('code', 'G002'), ('name', 'ダイニングバー・バル'), ('catch', '【歓送迎会】【お店貸切可能】カフェ＆バー')])",3.06,35.6918405116,139.6955548678
ルーフトップビアガーデン 東京小空,"OrderedDict([('code', 'G002'), ('name', 'ダイニングバー・バル'), ('catch', 'ビアガーデン／新宿ルミネ／屋上テラス')])",3.06,35.689207574899996,139.6992996551
エカイエJP ジャックポット 新宿,"OrderedDict([('code', 'G002'), ('name', 'ダイニングバー・バル'), ('catch', '気軽に立ち寄れるオイスターバー')])",3.13,35.6917158065,139.706067868
英国風パブ HUB 代々木西口店,"OrderedDict([('code', 'G002'), ('name', 'ダイニングバー・バル'), ('catch', '日本で英国を感じるならHUBが一番！')])",3.03,35.6824750731,139.7020463584
82 新宿西口大ガード店,"OrderedDict([('code', 'G002'), ('name', 'ダイニングバー・バル'), ('catch', '粋で楽しい英国PUBの伝統を継承')])",3.1,35.6941797775,139.6987358924
プロント イルバール PRONTO IL BAR 新宿マインズタワー店,"OrderedDict([('code', 'G002'), ('name', 'ダイニングバー・バル'), ('catch', '貸切\u3000パーティー\u3000飲み放題\u3000宴会\u3000ビール')])",3.04,35.6868883659,139.6983353857
マイアミガーデン 新宿歌舞伎町セントラルロード店,"OrderedDict([('code', 'G002'), ('name', 'ダイニングバー・バル'), ('catch', '貸切OKのカジュアルイタリアン☆')])",3.04,35.6940598634,139.70144594459998
かっぱ食堂,"OrderedDict([('code', 'G002'), ('name', 'ダイニングバー・バル'), ('catch', '穴場の隠れ家イタリアン酒場')])",3.31,35.6935739817,139.7079842972
ブルックリン パーラー Brooklyn Parlor,"OrderedDict([('code', 'G002'), ('name', 'ダイニングバー・バル'), ('catch', 'music/cafe/books/eats/bar')])",3.57,35.6900126603,139.7058929512
da Vinci ダヴィンチ,"OrderedDict([('code', 'G002'), ('name', 'ダイニングバー・バル'), ('catch', '歌舞伎町の隠れ家イタリアンバル')])",3.06,35.6947923272,139.7031793789
コンテナ CONTAINER,"OrderedDict([('code', 'G002'), ('name', 'ダイニングバー・バル'), ('catch', 'こだわりの空間で楽しむカフェバー')])",3.07,35.690832585,139.70653175290002
サントリーラウンジ昴,"OrderedDict([('code', 'G002'), ('name', 'ダイニングバー・バル'), ('catch', 'レストラン\u3000バー')])",3.51,35.692601711799995,139.70209872540002
ガムランボール 新宿本店,"OrderedDict([('code', 'G002'), ('name', 'ダイニングバー・バル'), ('catch', '新宿・宴会・バンド・イベント・フロア貸切')])",3.04,35.694323786,139.70382073209998
英国風パブ HUB 新宿歌舞伎町店,"OrderedDict([('code', 'G002'), ('name', 'ダイニングバー・バル'), ('catch', '日本で英国を感じるならHUBが一番！')])",3.03,35.6948958755,139.7012625933
WA-DINNER き ワダイナーキ,"OrderedDict([('code', 'G002'), ('name', 'ダイニングバー・バル'), ('catch', '落ち着いたデザイナーズ個室完備')])",3.07,35.6945819389,139.6981545368
CONA 新宿三丁目店,"OrderedDict([('code', 'G002'), ('name', 'ダイニングバー・バル'), ('catch', 'カジュアルイタリアン')])",3.07,35.6916638855,139.7067292028
八十八 新宿御苑,"OrderedDict([('code', 'G002'), ('name', 'ダイニングバー・バル'), ('catch', '南極の氷でお酒が飲める')])",3.07,35.6904966734,139.71258125219998
ビヤホール ライオン 新宿ライオン会館店,"OrderedDict([('code', 'G002'), ('name', 'ダイニングバー・バル'), ('catch', '伝統のビアホール『ライオン』')])",3.52,35.6910352322,139.7024987543
週プレ酒場,"OrderedDict([('code', 'G002'), ('name', 'ダイニングバー・バル'), ('catch', '歌舞伎町ど真ん中にリアル週刊プレイボーイ')])",3.06,35.6946073086,139.701702012
Abbot’s Choice アボットチョイス 新宿店,"OrderedDict([('code', 'G002'), ('name', 'ダイニングバー・バル'), ('catch', 'Public BAR')])",3.53,35.6933072315,139.7037318916
黄金屋 新宿店,"OrderedDict([('code', 'G004'), ('name', '和食'), ('catch', '新宿 もつ鍋 ホルモン 個室 飲み会 宴会')])",3.0,35.6909127656,139.7032309192
上上品 焼肉 しゃぶしゃぶ 新宿東口店,"OrderedDict([('code', 'G008'), ('name', '焼肉・ホルモン'), ('catch', '焼肉食べ飲み3090円から！しゃぶしゃぶも有')])",3.06,35.6937677047,139.7025916923
香家 こうや kouya 新宿東南口店,"OrderedDict([('code', 'G001'), ('name', '居酒屋'), ('catch', '新宿 東口 南口 三丁目 個室 和食\u3000日本酒')])",3.06,35.6900909011,139.7027571035
山久農場 新宿総本店,"OrderedDict([('code', 'G001'), ('name', '居酒屋'), ('catch', '【しゃぶしゃぶ専門店】新宿駅徒歩2分♪')])",3.0,35.6942953891,139.70131844600002
コンボハウス 新宿東口店,"OrderedDict([('code', 'G001'), ('name', '居酒屋'), ('catch', '新宿No.1！女性人気抜群！肉寿司食べ放題')])",3.03,35.6942181977,139.7021503228
わらやき屋 新宿,"OrderedDict([('code', 'G001'), ('name', '居酒屋'), ('catch', 'かつを・土佐はちきん地鶏')])",3.18,35.692807831799996,139.7033030592
TOTORO 戸灯路 新宿東口店,"OrderedDict([('code', 'G001'), ('name', '居酒屋'), ('catch', '2名〜最大130名様まで全席個室/完全個室')])",3.0,35.694756459699995,139.70174811319998
にじゅうまる NIJYU-MARU 新宿三丁目 新宿伊勢丹前店,"OrderedDict([('code', 'G001'), ('name', '居酒屋'), ('catch', '新宿 居酒屋 個室 飲み放題 新宿三丁目')])",3.03,35.6909605892,139.7051479765
九州料理専門店 博多村 新宿店,"OrderedDict([('code', 'G001'), ('name', '居酒屋'), ('catch', '落ち着きの和個室で九州の味覚を味わう')])",3.12,35.6943931725,139.7019436667
立ち寿司横丁 新宿西口,"OrderedDict([('code', 'G004'), ('name', '和食'), ('catch', '新宿で気軽にお寿司を楽しめるお店♪')])",3.17,35.6887464825,139.698057557
玄品ふぐ 新宿三丁目の関,"OrderedDict([('code', 'G004'), ('name', '和食'), ('catch', '【とらふぐ一筋30年】全国89店舗展開')])",3.24,35.690665938,139.7065650901
とめ手羽 新宿店,"OrderedDict([('code', 'G001'), ('name', '居酒屋'), ('catch', '九州名物料理で宴会★52名様迄OK！')])",3.08,35.6940183313,139.7063066442
個室和食 緒方 新宿店,"OrderedDict([('code', 'G001'), ('name', '居酒屋'), ('catch', '新宿西口徒歩1分/個室/居酒屋/2名〜個室OK')])",3.05,35.6944683531,139.69862089059998
黒豚しゃぶしゃぶ 新宿 島津,"OrderedDict([('code', 'G004'), ('name', '和食'), ('catch', '大人気の黒豚しゃぶしゃぶ専門店 完全個室')])",3.07,35.6894521199,139.7040959043
赤ちり亭 新宿店,"OrderedDict([('code', 'G001'), ('name', '居酒屋'), ('catch', '忘新年会・女子会・デートで必ず盛り上がる')])",3.0,35.6890270069,139.698074211
新宿イカセンター,"OrderedDict([('code', 'G004'), ('name', '和食'), ('catch', '卸直営の活イカ専門店')])",3.52,35.6943925194,139.6982884219
福吉 ふくよし 新宿西口駅前店,"OrderedDict([('code', 'G001'), ('name', '居酒屋'), ('catch', '和食・肉・個室・接待・大型宴会最大70名様')])",3.0,35.6929460276,139.6987364974
九州九州 kusukusu 新宿東口店,"OrderedDict([('code', 'G001'), ('name', '居酒屋'), ('catch', '新宿 個室 もつ鍋 焼鳥 忘年会 大人数')])",3.37,35.6912129715,139.70180491719998
はなの舞 西新宿店,"OrderedDict([('code', 'G001'), ('name', '居酒屋'), ('catch', '《各種宴会承ります》【最大60名様】個室有')])",3.06,35.6890455871,139.6969937465
玄品 新宿歌舞伎町,"OrderedDict([('code', 'G004'), ('name', '和食'), ('catch', '【絶品とらふぐ料理を満喫】日本一の店舗数')])",3.13,35.6938982843,139.7040396195
鹿児島黒豚 あいし 新宿店,"OrderedDict([('code', 'G001'), ('name', '居酒屋'), ('catch', '鹿児島黒豚鉄板焼きしゃぶしゃぶ 黒豚料理')])",3.02,35.6922074013,139.70545178950002
隠れ家個室と和食処 福家 新宿店,"OrderedDict([('code', 'G004'), ('name', '和食'), ('catch', '旬の和食・個室・会食・接待・宴会・デート')])",3.05,35.6887276064,139.6984564127
inton いんとん 昭和ビル店,"OrderedDict([('code', 'G001'), ('name', '居酒屋'), ('catch', '美味しいしゃぶしゃぶと焼きとんのお店')])",3.08,35.6898435462,139.6967465133
俺の串かつ黒田×炭火焼鳥めでた家 歌舞伎町輝ビル店,"OrderedDict([('code', 'G001'), ('name', '居酒屋'), ('catch', '炭火で焼き上げた串焼きとうまい酒')])",3.03,35.694065430900004,139.7019159044
御八 みはち MIHACHI 新宿中央口店,"OrderedDict([('code', 'G001'), ('name', '居酒屋'), ('catch', '米沢牛 もつ鍋 鮮馬刺し やきとり 日本酒')])",3.0,35.690896350500005,139.7021821201
玄品 新宿南,"OrderedDict([('code', 'G004'), ('name', '和食'), ('catch', 'ふぐも蟹も堪能できる【ふぐ・かに専門店】')])",3.49,35.684600413000005,139.7029339755
魚鮮水産 西新宿店,"OrderedDict([('code', 'G001'), ('name', '居酒屋'), ('catch', '《各種宴会承ります》【最大50名様】個室有')])",3.06,35.689296135700005,139.6977925574
NO.1焼肉しゃぶしゃぶ 新宿東口,"OrderedDict([('code', 'G008'), ('name', '焼肉・ホルモン'), ('catch', '焼肉食べ飲み3090円から！しゃぶしゃぶも有')])",3.03,35.6942418345,139.7032107873
鳥元 新宿西口店,"OrderedDict([('code', 'G001'), ('name', '居酒屋'), ('catch', '備長炭の香り漂う地鶏専門店')])",3.21,35.689818563,139.69727146969998
じとっこ組合 新宿東口店 日南市,"OrderedDict([('code', 'G001'), ('name', '居酒屋'), ('catch', '店内が一部リニューアルオープン♪')])",3.09,35.6929786405,139.7030997363
串家物語 新宿西口大ガード店,"OrderedDict([('code', 'G001'), ('name', '居酒屋'), ('catch', 'みんなでわいわい☆串揚げ70種以上食べ放題')])",3.07,35.6933820916,139.6988100848
思い出酒場 えんなすび 新宿 西口店,"OrderedDict([('code', 'G001'), ('name', '居酒屋'), ('catch', '新宿の夜景を一望★飲放コース8品2500円〜')])",3.06,35.6933126749,139.6995580795
隠れ房 御庭,"OrderedDict([('code', 'G004'), ('name', '和食'), ('catch', '新宿駅1分 寛ぎの空間で楽しむ和食とお酒')])",3.08,35.6903936069,139.7013405451
平八郎 へいはちろう 新宿東口店,"OrderedDict([('code', 'G004'), ('name', '和食'), ('catch', '新宿 鍋バル しゃぶしゃぶ もつ鍋')])",3.0,35.6939298957,139.7021070047
豚○商店 新宿三丁目,"OrderedDict([('code', 'G001'), ('name', '居酒屋'), ('catch', 'しゃぶしゃぶと九州料理を完全個室で愉しむ')])",3.03,35.6919491277,139.7065983691
釜焼鳥本舗 おやひなや 西新宿店,"OrderedDict([('code', 'G001'), ('name', '居酒屋'), ('catch', '【讃岐食文化】名物骨付鳥おや・ひな専門店')])",3.12,35.688357608000004,139.69695766610002
東京日和 新宿西口店,"OrderedDict([('code', 'G001'), ('name', '居酒屋'), ('catch', '博多もつ鍋・ちりとり鍋・しゃぶしゃぶ')])",3.0,35.6903685,139.6972331175
ステーキ NINJA SHINJUKU YASHIKI,"OrderedDict([('code', 'G004'), ('name', '和食'), ('catch', 'ステーキ/割烹/新宿/個室/デート/接待/忍者')])",3.05,35.689814684299996,139.6976386608
隠豚 いんとん エステック情報ビル店,"OrderedDict([('code', 'G001'), ('name', '居酒屋'), ('catch', '新宿西口 しゃぶしゃぶ 個室 宴会 貸切')])",3.08,35.6903879052,139.6958437904
筑前屋 新宿御苑店,"OrderedDict([('code', 'G001'), ('name', '居酒屋'), ('catch', '本物のやきとん屋!!\u3000サクッと仕事帰りに☆')])",3.07,35.6891634002,139.7092149252
温野菜 代々木西口店,"OrderedDict([('code', 'G004'), ('name', '和食'), ('catch', 'しゃぶしゃぶ 食べ放題 飲み放題')])",3.05,35.6819834553,139.7018019545
みの家 新宿店,"OrderedDict([('code', 'G004'), ('name', '和食'), ('catch', '創業40年、国産馬肉料理の専門店。')])",3.52,35.6886134722,139.7095904709
新宿 三平,"OrderedDict([('code', 'G004'), ('name', '和食'), ('catch', '新宿で50年\u3000日本料理')])",3.31,35.693266908000005,139.7018506642
ジンギスカン霧島 新宿店,"OrderedDict([('code', 'G001'), ('name', '居酒屋'), ('catch', 'ジンギスカン★食べ飲み放題★女子会に★')])",3.43,35.693942948600004,139.702060897
庖 クリヤ KURIYA 新宿,"OrderedDict([('code', 'G001'), ('name', '居酒屋'), ('catch', '創業５０年の伝統創作和食を新宿で。')])",3.03,35.6942209738,139.7020958829
とんかつ 串揚げ サクッと三是 三是食堂,"OrderedDict([('code', 'G004'), ('name', '和食'), ('catch', 'とんかつと串揚げの宴会♪三是食堂☆')])",3.54,35.6891755913,139.69769840360001
かきくえば 新宿東口店,"OrderedDict([('code', 'G001'), ('name', '居酒屋'), ('catch', '歌舞伎町で生牡蠣と銘柄日本酒が味わえる！')])",3.0,35.6937932582,139.7026214109
四季の味 ほり川 ホテルセンチュリーサザンタワー店,"OrderedDict([('code', 'G004'), ('name', '和食'), ('catch', '日本料理・鉄板焼・鮨処')])",3.52,35.6864220823,139.7003124586
串の坊 伊勢丹会館店 別室,"OrderedDict([('code', 'G004'), ('name', '和食'), ('catch', '【老舗】串揚げ・串カツ・ふらゐ専門店')])",3.51,35.692512890100005,139.7042402136
寿司 満月 四谷店,"OrderedDict([('code', 'G004'), ('name', '和食'), ('catch', '四ツ谷で味わうこだわりの寿司 会食 誕生日')])",3.01,35.6874360186,139.7167615754
花は咲く 新宿御苑前店,"OrderedDict([('code', 'G004'), ('name', '和食'), ('catch', 'オシャレな店内で頂く、こだわりのうどん♪')])",3.05,35.6891107952,139.7154591188
水たき 玄海 新宿 高島屋店,"OrderedDict([('code', 'G004'), ('name', '和食'), ('catch', '昭和3年創業\u3000老舗の水たき')])",3.59,35.6878372484,139.70209752780002
天ぷら 天秀 新宿,"OrderedDict([('code', 'G004'), ('name', '和食'), ('catch', '■伝統の江戸前天ぷらを是非一度！■')])",3.61,35.6940236414,139.6971407565
車屋別館 新宿,"OrderedDict([('code', 'G004'), ('name', '和食'), ('catch', '日本料理\u3000しゃぶしゃぶ\u3000鉄板焼')])",3.53,35.6928350234,139.7022681461
やまと 楽,"OrderedDict([('code', 'G004'), ('name', '和食'), ('catch', '職人が腕を奮う本格和食を、京町屋空間で…')])",3.58,35.691432489,139.7054679304
蟹奉行 新宿東口店,"OrderedDict([('code', 'G004'), ('name', '和食'), ('catch', '新宿 蟹 食べ放題 ビール 完全個室 貸切')])",3.31,35.692999460900005,139.7027017137
ぱすたかん 新宿ミロード店,"OrderedDict([('code', 'G004'), ('name', '和食'), ('catch', '鉄板ステーキ・お好み焼・もんじゃ焼き')])",3.02,35.6895930977,139.69970099440002
炭火焼 今半万窯 新宿サザンタワー店,"OrderedDict([('code', 'G004'), ('name', '和食'), ('catch', '炭火焼ステーキ・鍋料理・日本料理')])",3.57,35.6863565346,139.7003285709
四谷 山田屋,"OrderedDict([('code', 'G004'), ('name', '和食'), ('catch', '1960年から続く伝統の味')])",3.58,35.6880342421,139.7151730752
北前そば高田屋 新宿御苑駅前店,"OrderedDict([('code', 'G004'), ('name', '和食'), ('catch', '日本全国の美味しいものと名物ごまそば')])",3.02,35.688506553,139.7100848776
すし 勘六 新宿小田急ハルク店,"OrderedDict([('code', 'G004'), ('name', '和食'), ('catch', 'すし屋')])",3.03,35.692637729,139.698735121
CADET 山田屋 カデット やまだや,"OrderedDict([('code', 'G004'), ('name', '和食'), ('catch', '接待・会食・個室・ ふぐ・ステーキ')])",3.31,35.6920018823,139.70595119979998
新宿ニューれば屋,"OrderedDict([('code', 'G004'), ('name', '和食'), ('catch', '鮮度にごだわる焼き鳥専門店')])",3.18,35.6906881606,139.7066739689
四谷大木戸 藪蕎麦,"OrderedDict([('code', 'G004'), ('name', '和食'), ('catch', '完全予約制の一日限定一組のみ！！')])",3.05,35.6873249098,139.7163785568
しゃぶしゃぶ にいむら 本店,"OrderedDict([('code', 'G004'), ('name', '和食'), ('catch', 'しゃぶしゃぶ  すき焼き  ステーキ')])",3.09,35.6945467679,139.70200087790002
げんかい食堂,"OrderedDict([('code', 'G004'), ('name', '和食'), ('catch', '伝統の味「玄海の水たき」、水炊き一筋87年')])",3.6,35.6919881061,139.7101119578
山水草木 テルマー湯店,"OrderedDict([('code', 'G004'), ('name', '和食'), ('catch', '和食と酒の旨さが染み渡る”深夜の贅沢”。')])",3.18,35.694490465,139.7049850709
今半 タカシマヤタイムズスクエア,"OrderedDict([('code', 'G004'), ('name', '和食'), ('catch', '明治28年創業の老舗すき焼\u3000しゃぶしゃぶ')])",3.54,35.6877736449,139.7021158622
入母屋 新宿エルタワー店,"OrderedDict([('code', 'G004'), ('name', '和食'), ('catch', '新宿 完全個室 接待 しゃぶしゃぶ すき焼き')])",3.35,35.6922405106,139.6972019339
天麩羅 しゅん 京王プラザホテル,"OrderedDict([('code', 'G004'), ('name', '和食'), ('catch', 'てんぷら')])",3.52,35.689890702,139.69445809479998
加賀料理 大志満 新宿小田急ハルク店,"OrderedDict([('code', 'G004'), ('name', '和食'), ('catch', '加賀料理')])",3.32,35.692637729,139.698735121
木曽路 新宿三丁目店,"OrderedDict([('code', 'G004'), ('name', '和食'), ('catch', 'しゃぶしゃぶ・日本料理・すきやき')])",3.2,35.6917859976,139.703121449
明石 老舗 天然とらふぐ 活魚料理,"OrderedDict([('code', 'G004'), ('name', '和食'), ('catch', '銀座の味を、新宿の価格で')])",3.52,35.6912186572,139.706703945
牛たんと和牛焼き 青葉 小田急新宿店,"OrderedDict([('code', 'G004'), ('name', '和食'), ('catch', '仙台発祥の厚切り牛たんと和牛焼きのお店♪')])",3.06,35.6913267864,139.6995162183
地鶏 彩心 新宿店,"OrderedDict([('code', 'G004'), ('name', '和食'), ('catch', '九州料理をお供に心ゆくまで焼酎を。。。')])",3.09,35.690713076,139.7036097839
京都おばんざい 茶茶 花,"OrderedDict([('code', 'G004'), ('name', '和食'), ('catch', '四季折々の食材が楽しめる京都おばんざい◎')])",3.38,35.694723775300005,139.7051067179
美々卯 新宿店,"OrderedDict([('code', 'G004'), ('name', '和食'), ('catch', '創業200年の老舗')])",3.37,35.6903963844,139.701340545
懐石 蒼樹庵 京王プラザホテル,"OrderedDict([('code', 'G004'), ('name', '和食'), ('catch', '日本料理\u3000懐石')])",3.1,35.689838485,139.6944367098
お多幸 新宿店,"OrderedDict([('code', 'G004'), ('name', '和食'), ('catch', '王道の【関東風おでん】が味わえる老舗')])",3.58,35.692799489,139.7029122594
吉亀寿司 新宿御苑,"OrderedDict([('code', 'G004'), ('name', '和食'), ('catch', '気さくな板前が造り出す最上級の握り寿司')])",3.06,35.6914965916,139.7137369472
膳菜 さがみ 新宿小田急店,"OrderedDict([('code', 'G004'), ('name', '和食'), ('catch', '個室・夜景・しゃぶしゃぶ・ビアガーデン')])",3.03,35.6913240095,139.6995378833
天兼 新宿小田急ハルク,"OrderedDict([('code', 'G004'), ('name', '和食'), ('catch', '創業110年の江戸前天ぷら')])",3.59,35.6925155068,139.6982212807
龍雲庵,"OrderedDict([('code', 'G004'), ('name', '和食'), ('catch', '懐石料理\u3000接待\u3000宴会\u3000新宿\u3000カウンター')])",3.02,35.6896606341,139.7117452457
鮨処 銀座 福助 新宿小田急店,"OrderedDict([('code', 'G004'), ('name', '和食'), ('catch', '寿司')])",3.14,35.6913045695,139.6996212103
こころむすび 新宿,"OrderedDict([('code', 'G004'), ('name', '和食'), ('catch', '銀シャリと干物の名店')])",3.63,35.6891898006,139.7097557115
めり乃 MERINO 新宿店,"OrderedDict([('code', 'G004'), ('name', '和食'), ('catch', '新宿 ラムしゃぶ ジンギスカン 食べ放題')])",3.48,35.6935424503,139.7025172632
花膳 新宿,"OrderedDict([('code', 'G004'), ('name', '和食'), ('catch', 'ふぐ・鱧料理')])",3.0,35.6909964963,139.7080593943
しゃぶ与志,"OrderedDict([('code', 'G004'), ('name', '和食'), ('catch', '黒毛和牛しゃぶしゃぶ・すき焼き')])",3.05,35.6947626417,139.70442621860002
広島料理 安芸,"OrderedDict([('code', 'G004'), ('name', '和食'), ('catch', '広島料理')])",3.51,35.690067149,139.7077808441
和食 かがり 京王プラザホテル,"OrderedDict([('code', 'G004'), ('name', '和食'), ('catch', '和食')])",3.37,35.6898798677,139.6943792131
沖縄食堂 やんばる 新宿2号店,"OrderedDict([('code', 'G004'), ('name', '和食'), ('catch', '産地直送\u3000本場沖縄料理')])",3.51,35.6929627781,139.7019431686
御苑前 せお,"OrderedDict([('code', 'G004'), ('name', '和食'), ('catch', '割烹\u3000日本料理\u3000懐石料理\u3000女子会\u3000新宿')])",3.63,35.6879236089,139.7117986443
ごっつあん酒場 両国 ちゃんこ鍋,"OrderedDict([('code', 'G004'), ('name', '和食'), ('catch', '名物ソップちゃんこ鍋＆個室宴会\u3000女子会')])",3.51,35.6912659861,139.7108952535
大木戸矢部 花園町店,"OrderedDict([('code', 'G004'), ('name', '和食'), ('catch', '新宿\u3000新宿御苑\u3000和食\u3000蕎麦\u3000個室\u3000割烹')])",3.4,35.6908271464,139.7108869385
梅の花 南新宿店,"OrderedDict([('code', 'G004'), ('name', '和食'), ('catch', '【湯葉と豆腐の店】創作懐石料理\u3000梅の花')])",3.08,35.6880160148,139.6982667352
串の坊 伊勢丹会館店,"OrderedDict([('code', 'G004'), ('name', '和食'), ('catch', '【老舗】串揚げ・串カツ・ふらゐ専門店')])",3.51,35.692512890100005,139.7042402136
おかか 新宿,"OrderedDict([('code', 'G004'), ('name', '和食'), ('catch', '新宿 野菜\u3000出汁 和食\u3000しゃぶしゃぶ 鍋')])",3.51,35.6937404686,139.70195758059998
京都おばんざい 茶茶白雨 新宿,"OrderedDict([('code', 'G004'), ('name', '和食'), ('catch', '京都おばんざい')])",3.55,35.691429628,139.70234041860002
西新宿 今井屋本店,"OrderedDict([('code', 'G004'), ('name', '和食'), ('catch', '究極の焼き鳥が味わえる比内地鶏の専門店')])",3.52,35.6888353657,139.6982186508
讃岐うどん大使 東京麺通団,"OrderedDict([('code', 'G004'), ('name', '和食'), ('catch', 'うどんの他にもたくさんご用意しております')])",3.54,35.694718037,139.6982384131
なだ万 賓館 小田急百貨店 新宿店,"OrderedDict([('code', 'G004'), ('name', '和食'), ('catch', '新宿駅直結\u3000小田急百貨店最上階の好立地')])",3.48,35.6913240095,139.6995378833
とらふぐ亭 新宿別館,"OrderedDict([('code', 'G004'), ('name', '和食'), ('catch', '新鮮 とらふぐ料理 個室 宴会 飲み会 接待')])",3.12,35.6945487617,139.70385960870001
鮨丸,"OrderedDict([('code', 'G004'), ('name', '和食'), ('catch', 'こだわりの旨魚と寿司')])",3.52,35.6907464046,139.7035736745
饂飩亭,"OrderedDict([('code', 'G004'), ('name', '和食'), ('catch', 'うどん')])",3.19,35.6854274056,139.6978215991
新橋しのだ寿司 新宿メトロ店,"OrderedDict([('code', 'G004'), ('name', '和食'), ('catch', '本格江戸前寿司\u3000刺身\u3000魚\u3000新鮮\u3000握り')])",3.0,35.6924988783,139.6995794992
すしまみれ セントラルロード店,"OrderedDict([('code', 'G004'), ('name', '和食'), ('catch', '極上品で築地直送！メディアで話題の寿司屋')])",3.05,35.6941765287,139.7018847915
きづなすし 西新宿店,"OrderedDict([('code', 'G004'), ('name', '和食'), ('catch', '新宿駅すぐ★寿司食べ放題')])",3.54,35.6899143746,139.6968606674
おぼん de ごはん 新宿ミロード店,"OrderedDict([('code', 'G004'), ('name', '和食'), ('catch', 'バランスのよい料理を定食スタイルで')])",3.08,35.6913240095,139.6995378833
新宿さぼてん 小田急エース,"OrderedDict([('code', 'G004'), ('name', '和食'), ('catch', 'とんかつ、和食、和風、老舗、飲食、本店')])",3.06,35.6905629588,139.6985913276
とんかつ和幸 新宿ミロード店,"OrderedDict([('code', 'G004'), ('name', '和食'), ('catch', 'とんかつ')])",3.03,35.6894883903,139.6998137668
鍋ぞう 新宿明治通り店,"OrderedDict([('code', 'G004'), ('name', '和食'), ('catch', '【たっぷり野菜としゃぶしゃぶ・すき焼き】')])",3.0,35.6913102811,139.7054873781
鍋ぞう 新宿三丁目店,"OrderedDict([('code', 'G004'), ('name', '和食'), ('catch', '【たっぷり野菜としゃぶしゃぶ・すき焼き】')])",3.06,35.6911241432,139.7036986487
だし茶漬け えん 新宿小田急エース店,"OrderedDict([('code', 'G004'), ('name', '和食'), ('catch', 'お茶漬け')])",3.49,35.691453994899994,139.6995401001
米新,"OrderedDict([('code', 'G004'), ('name', '和食'), ('catch', 'すき焼き\u3000しゃぶしゃぶ')])",3.51,35.6937293634,139.7021320106
信州屋 新宿南口店,"OrderedDict([('code', 'G004'), ('name', '和食'), ('catch', 'そば処')])",3.29,35.6897631506,139.7023988138
銀座ハゲ天 伊勢丹会館,"OrderedDict([('code', 'G004'), ('name', '和食'), ('catch', '天ぷら')])",3.07,35.692512890100005,139.7042402136
ひまわり寿司 新都心店,"OrderedDict([('code', 'G004'), ('name', '和食'), ('catch', '回転鮨')])",3.51,35.6889117259,139.6974656562
鍋ぞう 新宿東口店,"OrderedDict([('code', 'G004'), ('name', '和食'), ('catch', '【たっぷり野菜としゃぶしゃぶ・すき焼き】')])",3.06,35.6911343922,139.7026670693
吉野寿司 新宿,"OrderedDict([('code', 'G004'), ('name', '和食'), ('catch', '寿司・地酒')])",3.07,35.692329688600005,139.7084009784
新和そば 小田急エース,"OrderedDict([('code', 'G004'), ('name', '和食'), ('catch', '立ち喰いそば')])",3.01,35.690677111599996,139.6985521597
朝起,"OrderedDict([('code', 'G004'), ('name', '和食'), ('catch', '新鮮食材の四季料理')])",3.5,35.693279345,139.6995433599
すしまみれ 新宿,"OrderedDict([('code', 'G004'), ('name', '和食'), ('catch', '極上品で築地直送！メディアで話題の寿司屋')])",3.0,35.6935822054,139.7039151983
三国一 新宿東口店,"OrderedDict([('code', 'G004'), ('name', '和食'), ('catch', '自家製手打麺処・郷土名物')])",3.5,35.692932206500004,139.7012154539
安兵衛 新宿,"OrderedDict([('code', 'G004'), ('name', '和食'), ('catch', '和食')])",3.25,35.6930738147,139.6996239168
銀座天一 小田急百貨店 新宿店,"OrderedDict([('code', 'G004'), ('name', '和食'), ('catch', '天ぷら屋さん')])",3.12,35.6913240095,139.6995378833
船橋屋 本店,"OrderedDict([('code', 'G004'), ('name', '和食'), ('catch', '創業百余年・・・老舗の天ぷら屋')])",3.56,35.691018586999995,139.7032320259
すしざんまい 新宿東口店,"OrderedDict([('code', 'G004'), ('name', '和食'), ('catch', '世界中から仕入れる本まぐろが自慢の寿司店')])",3.07,35.6922973106,139.7024337091
築地玉寿司 新宿高島屋店 タカシマヤタイムズスクエア,"OrderedDict([('code', 'G004'), ('name', '和食'), ('catch', '品質にこだわったネタと厳選した日本酒')])",3.07,35.6874134063,139.7020628256
かのや 新宿南口店,"OrderedDict([('code', 'G004'), ('name', '和食'), ('catch', '新宿\u3000駅前\u3000本格そば 讃岐うどん 立ち食い')])",3.52,35.6898920132,139.701956624
とんかつ和幸 小田急百貨店 新宿店,"OrderedDict([('code', 'G004'), ('name', '和食'), ('catch', 'とんかつ屋')])",3.0,35.6913240095,139.6995378833
おだむすび 小田急エース,"OrderedDict([('code', 'G004'), ('name', '和食'), ('catch', 'おむすび屋さん')])",3.09,35.6916506214,139.6988645941
そば旬彩 五番舘 くろ田,"OrderedDict([('code', 'G004'), ('name', '和食'), ('catch', 'そば')])",3.23,35.688771752,139.7082539115
更科そば屋 新宿二丁目,"OrderedDict([('code', 'G004'), ('name', '和食'), ('catch', 'そば処\u3000新宿二丁目 更科 そば屋')])",3.07,35.6914631288,139.7087509834
丸亀製麺 新宿御苑前店,"OrderedDict([('code', 'G004'), ('name', '和食'), ('catch', 'うどん')])",3.08,35.6881832966,139.7116011506
名代とんかつ かつくら 新宿高島屋店,"OrderedDict([('code', 'G004'), ('name', '和食'), ('catch', 'とんかつ')])",3.53,35.6877736449,139.7021158622
楽釜製麺所 新宿西口直売店,"OrderedDict([('code', 'G004'), ('name', '和食'), ('catch', '釜揚げうどん')])",3.0,35.689454711399996,139.69713344040002
かね七商店 鮨ひろ喜,"OrderedDict([('code', 'G004'), ('name', '和食'), ('catch', '江戸前の真髄を、心から堪能できる鮨店')])",3.49,35.6906548153,139.7060854091
京都おばんざい 石塀小路 豆ちゃ 新宿,"OrderedDict([('code', 'G004'), ('name', '和食'), ('catch', '京都おばんざい')])",3.08,35.690154869299995,139.70599849209998
温野菜 新宿東口駅前店,"OrderedDict([('code', 'G004'), ('name', '和食'), ('catch', 'しゃぶしゃぶ 食べ放題 飲み放題')])",3.01,35.690274194000004,139.7020182701
丼 笹陣 新宿店,"OrderedDict([('code', 'G004'), ('name', '和食'), ('catch', '丼自慢のお店♪')])",3.0,35.6903713353,139.6993962669
歌行燈 伊勢丹会館,"OrderedDict([('code', 'G004'), ('name', '和食'), ('catch', 'うどん・そば料理')])",3.12,35.692512890100005,139.7042402136
寿司辰 西新宿,"OrderedDict([('code', 'G004'), ('name', '和食'), ('catch', '寿司')])",3.56,35.6928627252,139.6995405991
丸亀製麺 新宿文化クイントビル店,"OrderedDict([('code', 'G004'), ('name', '和食'), ('catch', 'うどん')])",3.03,35.6862355703,139.69491431379998
寿司 築地寿司清 伊勢丹会館,"OrderedDict([('code', 'G004'), ('name', '和食'), ('catch', '寿司')])",3.13,35.692512890100005,139.7042402136
京都岡崎 美先 新宿店タカシマヤタイムズスクエア,"OrderedDict([('code', 'G004'), ('name', '和食'), ('catch', '京和食')])",3.37,35.6878561363,139.7021411345
築地すし好 新宿店,"OrderedDict([('code', 'G004'), ('name', '和食'), ('catch', '寿司店')])",3.23,35.6928823285,139.7055734188
鳥良商店 新宿東南口店,"OrderedDict([('code', 'G004'), ('name', '和食'), ('catch', '鳥良プロデュース！新しい「鳥好きの聖地」')])",3.03,35.6905303085,139.7032242684
新宿 立吉,"OrderedDict([('code', 'G004'), ('name', '和食'), ('catch', '串揚げ\u3000新宿')])",3.6,35.6911575171,139.7053596173
鍋ぞう 新宿西口店,"OrderedDict([('code', 'G004'), ('name', '和食'), ('catch', '【たっぷり野菜としゃぶしゃぶ・すき焼き】')])",3.01,35.6929626986,139.69896842149998
ユック 北の海道 新宿駅前エルタワー店,"OrderedDict([('code', 'G004'), ('name', '和食'), ('catch', '農水省郷土料理百選ユックの北海道郷土料理')])",3.19,35.6923321668,139.6971991527
大衆割烹 あそう 新宿,"OrderedDict([('code', 'G004'), ('name', '和食'), ('catch', '大衆割烹')])",3.06,35.6948542004,139.7007709701
きづな寿司,"OrderedDict([('code', 'G004'), ('name', '和食'), ('catch', '24時間営業でニューオープン！寿司')])",3.54,35.6947372946,139.7017272824
つゞらお本店 小田急百貨店 新宿店,"OrderedDict([('code', 'G004'), ('name', '和食'), ('catch', 'そばご膳')])",3.28,35.6913240097,139.6995434383
ななつ海,"OrderedDict([('code', 'G004'), ('name', '和食'), ('catch', '和食 お刺身 天ぷら 魚料理 稲庭うどん')])",3.1,35.6877189297,139.7021461396
板前寿司 西新宿店,"OrderedDict([('code', 'G004'), ('name', '和食'), ('catch', '本格派の寿司を個室で楽しむ★接待にも◎')])",3.38,35.6883003857,139.6967118559
志な乃,"OrderedDict([('code', 'G004'), ('name', '和食'), ('catch', '新宿・新宿御苑前/ランチ/そば・うどん')])",3.58,35.6879897376,139.7127374507
梅もと 小田急エース,"OrderedDict([('code', 'G004'), ('name', '和食'), ('catch', 'そば')])",3.0,35.6917161717,139.6989451401
本味楽,"OrderedDict([('code', 'G004'), ('name', '和食'), ('catch', '本当の味を求めて、一筋に尽くす真心')])",3.06,35.6901296894,139.699157408
温野菜 新宿店,"OrderedDict([('code', 'G004'), ('name', '和食'), ('catch', 'しゃぶしゃぶ 食べ放題 飲み放題')])",3.03,35.692876705799996,139.7030347459
名代とんかつ 新宿 すずや 本店,"OrderedDict([('code', 'G004'), ('name', '和食'), ('catch', 'とんかつ')])",3.58,35.6938829262,139.7009715476
とんかつ にいむら 本店,"OrderedDict([('code', 'G004'), ('name', '和食'), ('catch', 'とんかつ・とんしゃぶ・和食をご堪能下さい')])",3.51,35.6945597998,139.7011709479
かのや 新宿西口店,"OrderedDict([('code', 'G004'), ('name', '和食'), ('catch', '新宿\u3000駅前\u3000本格そば 讃岐うどん 立ち食い')])",3.58,35.6892961335,139.69770839790002
とん匠 ルミネエスト新宿店,"OrderedDict([('code', 'G004'), ('name', '和食'), ('catch', 'とんかつ・しゃぶしゃぶ食べ放題')])",3.12,35.6913493257,139.7010838619
扇寿司 中央口店,"OrderedDict([('code', 'G004'), ('name', '和食'), ('catch', '寿司')])",3.04,35.690383905,139.7020599288
どんでん,"OrderedDict([('code', 'G004'), ('name', '和食'), ('catch', 'もつ鍋／もつ焼き')])",3.03,35.689735526,139.7080177818
赤坂 ふきぬき 新宿タカシマヤタイムズスクエア,"OrderedDict([('code', 'G004'), ('name', '和食'), ('catch', 'うなぎ料理')])",3.52,35.6877325398,139.7021664151
三是寿司,"OrderedDict([('code', 'G004'), ('name', '和食'), ('catch', '産地直送の寿司・割烹')])",3.33,35.6868522157,139.6967188579
雛鮨 新宿マルイアネックス,"OrderedDict([('code', 'G004'), ('name', '和食'), ('catch', '高級寿司食べ放題')])",3.11,35.690154869299995,139.70599849209998
本陣 ルミネエスト新宿店,"OrderedDict([('code', 'G004'), ('name', '和食'), ('catch', None)])",3.0,35.6913240528,139.7011571901
楽庵 新宿,"OrderedDict([('code', 'G004'), ('name', '和食'), ('catch', '手打ちそば処')])",3.53,35.690458231,139.7083377256
寅福 ルミネ新宿店,"OrderedDict([('code', 'G004'), ('name', '和食'), ('catch', '【ルミネ新宿】美味しいご飯と手作り料理♪')])",3.1,35.6892103531,139.6993296524
丸亀製麺 新宿3丁目店,"OrderedDict([('code', 'G004'), ('name', '和食'), ('catch', 'うどん')])",3.06,35.6911575167,139.7053462851
旭鮨総本店 新宿ミロード8F店,"OrderedDict([('code', 'G004'), ('name', '和食'), ('catch', '江戸前寿司')])",3.07,35.6913240095,139.6995378833
